tau_d,blending,noise_delta,run,error_envelope,error_outside_switch,error_spike_windowed,error_spike_instant,num_switches,avg_time_between_switches,switch_rate,J,J_raw,jump_ratio
0.0,False,0.0,0,0.6283018653341584,0.034589681088833465,0.6283018653341584,0.61962890999002,10,1.9911111111111113,0.5,0.687488249103851,0.6564185031289296,1.0473322198863835
0.0,True,0.0,0,0.6286658648467014,0.03545144607912987,0.6286658648467014,0.6199332799718353,10,1.9911111111111113,0.5,0.07251195788346519,0.6564183334943011,0.11046607639216502
0.0,False,0.0,1,1.2176295559447086,0.07226921357696894,1.189543635954913,1.1312069934898075,9,2.2250000000000005,0.45,0.6875053167700264,0.6565688992810543,1.0471183092524323
0.0,True,0.0,1,1.2176295559447086,0.07313305550406883,1.189543635954913,1.1312069934898075,9,2.2250000000000005,0.45,0.07767480713973224,0.6565688992810543,0.11830412178597305
0.0,False,0.0,2,1.3067054582253697,0.11411334624273464,0.150562789745266,0.14122350985778828,8,2.302857142857143,0.4,0.6874882287863604,0.6564184797761348,1.0473322261943165
0.0,True,0.0,2,1.3067054582253697,0.11495721608286091,0.150562789745266,0.14122350985778828,8,2.302857142857143,0.4,0.03137904325423955,0.6564183101695225,0.04780342461552051
0.0,False,0.0,3,0.9761449784169572,0.046302244044736214,0.912883495715541,0.9124274952706963,10,1.9888888888888892,0.5,0.6877077813982835,0.6567124477763788,1.0471977235693595
0.0,True,0.0,3,0.9761449784169572,0.046342618698432175,0.912883495715541,0.9124274952706963,10,1.9888888888888892,0.5,0.08559191474879121,0.6567159180209603,0.13033324192352858
0.0,False,0.0,4,0.8103557375193534,0.05133293827878386,0.7208453066444628,0.6567262947559198,9,2.2025,0.45,0.6874881979289562,0.6564184660097603,1.0473322011501758
0.0,True,0.0,4,0.8103557375193534,0.05225943402297071,0.7208453066444628,0.6567262947559198,9,2.2025,0.45,0.0428705535553332,0.6564182962598123,0.06530980890431351
0.0,False,0.0,5,1.189294937327516,0.08338495309083706,1.180093055083574,1.088759231515149,9,2.1900000000000004,0.45,0.6878685925673905,0.6568064932882693,1.0472926174592425
0.0,True,0.0,5,1.189294937327516,0.08424880428719925,1.180093055083574,1.088759231515149,9,2.1900000000000004,0.45,0.06146683151414526,0.6568064932882693,0.09358438451610035
0.0,False,0.0,6,1.0445159904881696,0.05117263718774229,1.0445159904881696,1.0168699888562394,10,1.9733333333333336,0.5,0.6874881764938845,0.6564184482852189,1.0473321967755442
0.0,True,0.0,6,1.0445159904881696,0.051511398856856266,1.0445159904881696,1.0168699888562394,10,1.9733333333333336,0.5,0.06750048957451127,0.6564182776798675,0.10283152033831615
0.0,False,0.0,7,0.9357769628031534,0.07218223364901512,0.11313724137861136,0.098734759372548,8,2.3114285714285714,0.4,0.6876686151280593,0.6566686414068086,1.0472079382496937
0.0,True,0.0,7,0.9357769628031534,0.07302388939630125,0.11313724137861136,0.098734759372548,8,2.3114285714285714,0.4,0.03137912140980598,0.6566686414068086,0.04778532030217837
0.0,False,0.0,8,0.9555809542122895,0.05718925908469847,0.9062881356779158,0.8404411608776329,9,2.2199999999999998,0.45,0.6874881795619235,0.6564184504845032,1.0473321979404382
0.0,True,0.0,8,0.9555809542122895,0.0580556898089812,0.9062881356779158,0.8404411608776329,9,2.2199999999999998,0.45,0.052654051078093116,0.656418280877832,0.08021417521685162
0.0,False,0.0,9,0.7272697982512442,0.03140485116163196,0.6333178239668958,0.5727669896817825,10,1.9911111111111108,0.5,0.6874882085904107,0.6564184754696618,1.047332202298521
0.0,True,0.0,9,0.7272697982512442,0.032294255345167625,0.6333178239668958,0.5727669896817825,10,1.9911111111111108,0.5,0.05121548078429247,0.6564183058421598,0.07802262711208569
0.0,False,0.01,0,0.9792238542745967,0.0689137317987518,0.9454363952209871,0.8503988443322538,9,2.1825,0.45,0.6920542341912019,0.6604891086831706,1.0477905298441224
0.0,True,0.01,0,0.9792238542745967,0.06979878779884754,0.9454363952209871,0.8503988443322538,9,2.1825,0.45,0.058434069478216916,0.660495915133765,0.08846999360762546
0.0,False,0.01,1,1.2142139813181498,0.10484196013919628,0.13422891189119301,0.12702332669490002,8,2.3000000000000003,0.4,0.6877852691378549,0.6567520533046226,1.0472525584500694
0.0,True,0.01,1,1.2142139813181498,0.10577297100926011,0.13422891189119301,0.12702332669490002,8,2.3000000000000003,0.4,0.031379120784167235,0.6567520533046226,0.047779250294682135
0.0,False,0.01,2,0.8121693878097312,0.048803480595909936,0.8108966302978996,0.7705907728918535,9,2.2275,0.45,0.6876086608801766,0.6566863491708221,1.0470884017938102
0.0,True,0.01,2,0.8121693878097312,0.04966847312740576,0.8108966302978996,0.7705907728918535,9,2.2275,0.45,0.04937358512571871,0.6566863491708221,0.075185947009368
0.0,False,0.01,3,1.1754951285683686,0.03878210429260883,1.1754951285683686,1.1718881030336574,11,1.7939999999999998,0.55,0.7534376869965088,0.7277140487016905,1.0353485511312626
0.0,True,0.01,3,1.1753176543825805,0.038781146151943904,1.1753176543825805,1.1717029529755292,11,1.7939999999999998,0.55,0.10343993131663119,0.7277074068300864,0.14214494754845694
0.0,False,0.01,4,1.1649476882437448,0.10290384937678265,0.1292782082810143,0.12336243910109207,8,2.2914285714285714,0.4,0.6877910124933229,0.6567707523667559,1.047231486736506
0.0,True,0.01,4,1.1649476882437448,0.1038355566451669,0.1292782082810143,0.12336243910109207,8,2.2914285714285714,0.4,0.031379119480198066,0.6567707523667559,0.0477778879758905
0.0,False,0.01,5,1.2012867643480427,0.07619414164731864,1.1975507502983496,1.1714393859035799,9,2.2325,0.45,0.6874879423793627,0.6564182891347814,1.0473320940496675
0.0,True,0.01,5,1.2012867643480427,0.07715462388391958,1.1975507502983496,1.1714393859035799,9,2.2325,0.45,0.08912991181766194,0.656418120028828,0.1357822231932985
0.0,False,0.01,6,1.2358750567923726,0.08167024423659175,1.2358750567923726,1.1891870692225996,9,2.205,0.45,0.6877471249624137,0.6567177032363116,1.0472492526483443
0.0,True,0.01,6,1.2358750567923726,0.0825533434896218,1.2358750567923726,1.1891870692225996,9,2.205,0.45,0.07865332802539177,0.6567177032363116,0.11976733308394158
0.0,False,0.01,7,1.2859281028647025,0.0839631685222729,1.2221843712879221,1.0678730873011055,9,2.1875,0.45,0.6877277499085922,0.6567307081468026,1.0471990122131791
0.0,True,0.01,7,1.2859281028647025,0.08482827747327625,1.2221843712879221,1.0678730873011055,9,2.1875,0.45,0.045780137684621934,0.6567307081468026,0.06970914721514637
0.0,False,0.01,8,1.0423794145575218,0.07141613216521073,0.9978733090965418,0.8925516908858914,9,2.1900000000000004,0.45,0.7003043739613788,0.6564184586987636,1.0668566119891798
0.0,True,0.01,8,1.0423794145575218,0.07224315018283506,0.9978733090965418,0.8925516908858914,9,2.1900000000000004,0.45,0.06335501780593017,0.6564182894352613,0.0965162286442695
0.0,False,0.01,9,1.3803968731819432,0.06020049489291669,1.3803968731819432,1.3773289122057357,10,1.9933333333333334,0.5,0.6878831675839459,0.656820712680009,1.047292135063618
0.0,True,0.01,9,1.3803968731819432,0.05992124851681881,1.3803968731819432,1.3773289122057357,10,1.9933333333333334,0.5,0.4515402106239851,0.6568336782326571,0.6874498444590947
0.0,False,0.02,0,0.6253647815312701,0.040248996274564096,0.5743138189529118,0.5625287960708738,9,2.2300000000000004,0.45,0.6874890856713222,0.6564190621125929,1.0473326024558185
0.0,True,0.02,0,0.6253647815312701,0.040895483170925215,0.5743138189529118,0.5625287960708738,9,2.2275,0.45,0.047115303625629004,0.6564189783338346,0.07177626654464482
0.0,False,0.02,1,1.3860354123632541,0.06406948612959269,1.3860354123632541,1.3793286500645272,11,1.794,0.55,0.6878077017676654,0.6567626163277276,1.0472698713673074
0.0,True,0.02,1,1.3860354123632541,0.06396272651650291,1.3860354123632541,1.3793286500645272,11,1.794,0.55,0.3376859396177891,0.6567693266241892,0.5141621653364068
0.0,False,0.02,2,0.9221682583052268,0.0606132779156117,0.7646937377660772,0.7100025281104859,9,2.18,0.45,0.6951454762953216,0.6629358594658241,1.0485863229768033
0.0,True,0.02,2,0.9221682583052268,0.06145681532825897,0.7646937377660772,0.7100025281104859,9,2.18,0.45,0.04292195948411775,0.6629356860884765,0.06474528422602374
0.0,False,0.02,3,0.8573398576128373,0.06011871929766907,0.8544610841729131,0.8012287480479527,10,1.96,0.5,0.6920646681066891,0.6605132628630672,1.04776801007612
0.0,True,0.02,3,0.8573398576128373,0.061236845045722424,0.8544610841729131,0.8012287480479527,10,1.96,0.5,0.04609188729800003,0.6605132628630672,0.06978192539000318
0.0,False,0.02,4,0.7726354343458064,0.0698435935945748,0.10155581083453233,0.081712528847931,8,2.3114285714285714,0.4,0.6874889817587697,0.6640918442247252,1.0352317781076306
0.0,True,0.02,4,0.7726354343458064,0.07066359830253811,0.10155581083453233,0.081712528847931,8,2.3114285714285714,0.4,0.031379286524942984,0.6640918442247252,0.04725142576374266
0.0,False,0.02,5,1.1392768780508082,0.10075219930612815,0.12600881630169186,0.12145728710169554,9,2.0100000000000002,0.45,0.7555422783165161,0.7236820322318509,1.0440251983904898
0.0,True,0.02,5,1.1392768780508082,0.10179941691902036,0.12600881630169186,0.12145728710169554,9,2.0100000000000002,0.45,0.03212399922520859,0.7236820322318509,0.04438965975394999
0.0,False,0.02,6,0.7254141295563404,0.034165419728925284,0.6283730283517488,0.5975637270928728,10,1.9888888888888892,0.5,0.6877304994754331,0.6567382419168619,1.0471911859752845
0.0,True,0.02,6,0.7254141295563404,0.03513950019420363,0.6283730283517488,0.5975637270928728,10,1.9888888888888892,0.5,0.06155085444400992,0.6567418021131188,0.0937215419396841
0.0,False,0.02,7,1.2580383644920297,0.06450405650517015,1.2580383644920297,1.2273853248423217,10,1.9666666666666666,0.5,0.6876880781069514,0.6567052637057567,1.0471791762094018
0.0,True,0.02,7,1.2580383644920297,0.06457460834281918,1.2580383644920297,1.2273853248423217,10,1.9666666666666666,0.5,0.08291116065659931,0.6567183299095558,0.12625071777997615
0.0,False,0.02,8,1.3255362394104337,0.07363863718629741,1.279544329432855,1.2205781174603563,10,1.9488888888888891,0.5,0.6874889936496079,0.6640535951886914,1.0352914246612366
0.0,True,0.02,8,1.3255362394104337,0.07373203535786932,1.279544329432855,1.2205781174603563,10,1.9488888888888891,0.5,0.07706611773524688,0.6640594469372965,0.11605304009246446
0.0,False,0.02,9,1.1009715140528864,0.09122621003136168,0.12131944411475737,0.1159583130653786,8,2.3057142857142856,0.4,0.68773147197555,0.6567298130664465,1.0472061070551104
0.0,True,0.02,9,1.1009715140528864,0.09216059964375312,0.12131944411475737,0.1159583130653786,8,2.3057142857142856,0.4,0.031270349868911966,0.6567298130664465,0.04761524328442945
0.0,False,0.04,0,1.1894824936054629,0.07854675994056783,1.1894824936054629,1.1828665904204159,10,1.9866666666666666,0.5,0.3482702259109694,0.335509739086033,1.0380331307867972
0.0,True,0.04,0,1.1894824936054629,0.0789665736199043,1.1894824936054629,1.1828665904204159,10,1.9866666666666666,0.5,0.11524238169567654,0.335509739086033,0.34348445939639644
0.0,False,0.04,1,1.1395444422692433,0.05582205886565924,1.1395444422692433,1.1317704147170735,10,1.9666666666666666,0.5,0.7580946537129688,0.7309567920986512,1.037126490745473
0.0,True,0.04,1,1.1395444422692433,0.05577131008499035,1.1395444422692433,1.1317704147170735,10,1.9666666666666666,0.5,0.08173420418327441,0.7309567210032695,0.11181811689106928
0.0,False,0.04,2,0.9992561577140474,0.09141294662413758,0.13032017952639066,0.10154607523268615,9,2.0250000000000004,0.45,0.3510053596085131,0.33315704085353803,1.0535732868069512
0.0,True,0.04,2,0.9992561577140474,0.09178111559204807,0.13032017952639066,0.10154607523268615,9,2.0250000000000004,0.45,0.01830208847757309,0.33315704085353803,0.05493531931892655
0.0,False,0.04,3,1.1953439309041956,0.061588837057089826,1.1953439309041956,1.1876585450709818,11,1.7879999999999998,0.55,0.7557764207436309,0.7238586666023265,1.0440939019864572
0.0,True,0.04,3,1.1953439309041956,0.061305061672370015,1.1953439309041956,1.1876585450709818,11,1.7879999999999998,0.55,0.11402616291016421,0.7238674563905317,0.15752353797091098
0.0,False,0.04,4,1.264878993524585,0.09140034925506448,1.1520709333425871,0.9869694368816612,10,1.9244444444444448,0.5,0.6877873917996347,0.656799197333847,1.0471806201109835
0.0,True,0.04,4,1.264878993524585,0.09208911287857044,1.1520709333425871,0.9869694368816612,10,1.9244444444444448,0.5,0.052519247686924085,0.6568057795338225,0.07996161002760784
0.0,False,0.04,5,1.0270730421459344,0.08878397463477858,0.11304038656068996,0.10921280372235104,9,2.0100000000000002,0.45,0.7555037015904843,0.7236733376342706,1.0439844350439724
0.0,True,0.04,5,1.0270730421459344,0.08949936720906997,0.11304038656068996,0.10921280372235104,9,2.0100000000000002,0.45,0.032096852285194835,0.7236733376342706,0.0443526803761606
0.0,False,0.04,6,1.3101888076805477,0.08930018005668325,1.198337739820524,1.0128916943813546,10,1.9288888888888893,0.5,0.6876422341738584,0.6566966997149231,1.0471230225844685
0.0,True,0.04,6,1.3101888076805477,0.09003826700996745,1.198337739820524,1.0128916943813546,10,1.9288888888888893,0.5,0.033721135810938524,0.6566966997149231,0.05134963488354287
0.0,False,0.04,7,0.8937458815275782,0.04753060342499033,0.8345137550689167,0.8303246205839899,11,1.7680000000000002,0.55,0.5011554132307362,0.3360502115373915,1.4913111033220185
0.0,True,0.04,7,0.8937458815275782,0.04723858979473369,0.8345137550689167,0.8303246205839899,11,1.7680000000000002,0.55,0.36647010760138404,0.3360502115373915,1.0905218741994034
0.0,False,0.04,8,1.2375154697393345,0.05869547300518274,1.2375154697393345,1.2286646830191685,11,1.78,0.55,0.47319061038901356,0.46175653161433533,1.0247621353832108
0.0,True,0.04,8,1.2375154697393345,0.05909033562310522,1.2375154697393345,1.2286646830191685,11,1.78,0.55,0.09976036029901762,0.4617565046064095,0.2160453812513278
0.0,False,0.04,9,0.8454329575273529,0.055337004911476764,0.6589491421714526,0.6499037508585056,10,1.9377777777777778,0.5,0.6812839936308356,0.664117571190618,1.0258484674386699
0.0,True,0.04,9,0.8454329575273529,0.05601786421906991,0.6589491421714526,0.6499037508585056,10,1.9377777777777778,0.5,0.04852934670087659,0.664117571190618,0.07307342665365807
0.0,False,0.08,0,0.8265436483692206,0.03919964614794065,0.6757205459777921,0.6681493756273315,13,1.4866666666666664,0.65,0.3446737781815603,0.33550973919560306,1.0273137762874323
0.0,True,0.08,0,0.8265436483692206,0.03947903283058613,0.6757205459777921,0.6681493756273315,13,1.4866666666666664,0.65,0.07470511882919907,0.33550973919560306,0.22266155011072342
0.0,False,0.08,1,0.7422290941378353,0.05413566176620648,0.612865120509449,0.6038808899948218,13,1.4716666666666665,0.65,0.4709710459487447,0.4513514275312071,1.0434686060070397
0.0,True,0.08,1,0.7422290941378353,0.05491965563620235,0.612865120509449,0.6038808899948218,13,1.4716666666666665,0.65,0.0496449631752181,0.45157086919786127,0.10993836505323196
0.0,False,0.08,2,1.089806210598773,0.07627307532146661,1.0777714054094203,0.9870024456543287,14,1.3569230769230773,0.7,0.35148934022104156,0.33460522694993405,1.0504597981763566
0.0,True,0.08,2,1.089806210598773,0.07774521093162652,1.0777714054094203,0.9870024456543287,14,1.3569230769230773,0.7,0.3396517712623245,0.46141816395557694,0.7361040311341546
0.0,False,0.08,3,0.9582793163978963,0.06655482362592108,0.9582793163978963,0.9413324194540951,14,1.3815384615384616,0.7,0.6913558002789677,0.6597032690093358,1.0479799505453171
0.0,True,0.08,3,0.9582793163978963,0.06460279024607236,0.9582793163978963,0.9413324194540951,13,1.4966666666666668,0.65,0.0721030565262699,0.6564196460447627,0.10984292875888439
0.0,False,0.08,4,1.2172282215833965,0.09197944837017465,1.2172282215833965,1.18113710847125,14,1.3523076923076924,0.7,0.6833524755218352,0.6528946900658574,1.0466503784955812
0.0,True,0.08,4,1.2172282215833965,0.0930097202058521,1.2172282215833965,1.18113710847125,14,1.3523076923076924,0.7,0.3322804928147727,0.6528999217895136,0.5089302069375425
0.0,False,0.08,5,1.4979908632520447,0.07519453010726282,1.4979908632520447,1.4959295328537094,16,1.1933333333333336,0.8,0.690918105021141,0.6594658919986104,1.047693462780185
0.0,True,0.08,5,1.4979908632520447,0.07313113713992746,1.4979908632520447,1.4959295328537094,15,1.2785714285714287,0.75,0.12193657473011271,0.6562476465225577,0.18580877994830647
0.0,False,0.08,6,1.3025654383193537,0.07028301154703259,1.3025654383193537,1.2950087944670003,14,1.353846153846154,0.7,0.6382834289841853,0.6097387036494093,1.0468146832686123
0.0,True,0.08,6,1.3025654383193537,0.07010977598529936,1.3025654383193537,1.2950087944670003,14,1.353846153846154,0.7,0.0947937702333415,0.6031896245132856,0.1571541787587552
0.0,False,0.08,7,0.8041818178159269,0.06604363434354463,0.7459669345558143,0.670809493747844,14,1.3353846153846156,0.7,0.4769477921413844,0.45571647756247485,1.0465888651774942
0.0,True,0.08,7,0.8041818178159269,0.06727520495448114,0.7459669345558143,0.670809493747844,14,1.3353846153846156,0.7,0.034650345013498556,0.4527392144488081,0.07653488770383868
0.0,False,0.08,8,0.9681636778559728,0.09157449641998504,0.10546162409470465,0.09842167393287089,12,1.4690909090909094,0.6,0.3482539834611449,0.33612424882117703,1.0360870530657071
0.0,True,0.08,8,0.9681636778559728,0.09252478150654346,0.10546162409470465,0.09842167393287089,12,1.4690909090909094,0.6,0.017983469675669758,0.33612385885833174,0.05350250851947661
0.0,False,0.08,9,1.2675011271548369,0.05952712761301623,1.2675011271548369,1.2636880605038627,12,1.6090909090909091,0.6,0.33872017417010264,0.3356346366739171,1.0091931408437744
0.0,True,0.08,9,1.2675011271548369,0.059687166563875356,1.2675011271548369,1.2636880605038627,12,1.6090909090909091,0.6,0.09244145332376394,0.335637958110145,0.2754201389164918
0.1,False,0.0,0,0.9519470139035572,0.059330142036222284,0.7922366713472456,0.7143226489483863,9,2.1975,0.45,0.6874882225801469,0.6564184798196799,1.0473322166701793
0.1,True,0.0,0,0.9519470139035572,0.06019637862074731,0.7922366713472456,0.7143226489483863,9,2.1975,0.45,0.04423049564008183,0.6564183102066237,0.06738156886388139
0.1,False,0.0,1,0.7633952520713204,0.054188468471877305,0.7333265035374901,0.680384910316334,9,2.1950000000000003,0.45,0.6874882058072797,0.6564184720007857,1.0473322035933268
0.1,True,0.0,1,0.7633952520713204,0.055032871284250294,0.7333265035374901,0.680384910316334,9,2.1950000000000003,0.45,0.04854512790128998,0.6564183025044892,0.0739545616600223
0.1,False,0.0,2,0.7497263926108634,0.040944780705027245,0.7497263926108634,0.7497263926108634,10,1.9733333333333336,0.5,0.6874882168436045,0.6564184789785523,1.0473322092730653
0.1,True,0.0,2,0.7497263926108634,0.0412694472391772,0.7497263926108634,0.7497263926108634,10,1.9733333333333336,0.5,0.06316736731442994,0.6564183097600012,0.09623035536789759
0.1,False,0.0,3,1.220070804896383,0.04172389343616881,1.2182466278369277,1.2182466278369277,11,1.7920000000000003,0.55,0.6874882261644184,0.6564184809637899,1.0473322203050683
0.1,True,0.0,3,1.220070804896383,0.04137567004894075,1.2182466278369277,1.2182466278369277,11,1.7920000000000003,0.55,0.3779318201015789,0.6564183125504419,0.5757484401332703
0.1,False,0.0,4,0.8106899282556009,0.05191908155765499,0.7065880017870344,0.6657955542031506,9,2.2025,0.45,0.6874881947009306,0.6564184650443166,1.0473321977729317
0.1,True,0.0,4,0.8106899282556009,0.05282367805818477,0.7065880017870344,0.6657955542031506,9,2.2025,0.45,0.05090284189757731,0.6564182952807756,0.07754634839703523
0.1,False,0.0,5,1.2276400335065853,0.07593618513360165,1.2276400335065853,1.1998697633522237,9,2.2225,0.45,0.6874881764857175,0.6564184440628047,1.047332203500071
0.1,True,0.0,5,1.2276400335065853,0.0768022564176485,1.2276400335065853,1.1998697633522237,9,2.2225,0.45,0.08182467919639311,0.6564182744581804,0.12465326188439747
0.1,False,0.0,6,1.1331282107237897,0.054443691898973016,1.1331282107237897,1.1282643765893081,10,1.9911111111111113,0.5,0.6874882172856114,0.6564184734375689,1.0473322187872054
0.1,True,0.0,6,1.131529708664595,0.05427080233624177,1.131529708664595,1.1264012623484523,10,1.9911111111111113,0.5,0.10729360449888464,0.6564183041731386,0.16345309637668406
0.1,False,0.0,7,1.330926189520692,0.06338510711700578,1.330926189520692,1.3266521823821693,10,1.9911111111111108,0.5,0.687488166474628,0.6564184360044378,1.0473322011063197
0.1,True,0.0,7,1.329083968888516,0.06428645355557183,1.329083968888516,1.324532551053422,10,1.9911111111111108,0.5,0.126707241631846,0.6564182664306386,0.1930282076515104
0.1,False,0.0,8,1.198264737363117,0.08287428083473222,1.1930457166001494,1.1054755579131905,9,2.1900000000000004,0.45,0.6874882073364408,0.6617956236921696,1.038822533249932
0.1,True,0.0,8,1.198264737363117,0.08372865996241373,1.1930457166001494,1.1054755579131905,9,2.1900000000000004,0.45,0.06391488781826593,0.6617956236921696,0.0965779848544565
0.1,False,0.0,9,1.0007269480328835,0.050153421209618305,1.0007269480328835,0.9966897762151785,10,1.9755555555555557,0.5,0.6874881869728907,0.6564184548359051,1.047332202287671
0.1,True,0.0,9,1.0007269480328835,0.05035941443134738,1.0007269480328835,0.9966897762151785,10,1.9755555555555557,0.5,0.07584689460644477,0.6564182842389752,0.11554659020327565
0.1,False,0.01,0,1.4281561211757945,0.0629100363878978,1.427966936164753,1.3556620688995469,10,1.9688888888888887,0.5,0.6918331928434767,0.6603114065252935,1.047737756699252
0.1,True,0.01,0,1.4281561211757945,0.06381823451556067,1.427966936164753,1.3556620688995469,10,1.9688888888888887,0.5,0.07812418953224459,0.6603114065252935,0.11831416001888778
0.1,False,0.01,1,0.8543303787725577,0.05745225026461055,0.6909157922722209,0.6425284967157716,9,2.1799999999999997,0.45,0.6877720256089743,0.656765845517968,1.047210401173256
0.1,True,0.01,1,0.8543303787725577,0.05840763826479295,0.6909157922722209,0.6425284967157716,9,2.1799999999999997,0.45,0.039367587558706965,0.656765845517968,0.059941587656278855
0.1,False,0.01,2,0.6283151011420182,0.0430906181032426,0.5394312010901183,0.5184517316893991,9,2.2025,0.45,0.687784810447919,0.656794617886766,1.047183991266067
0.1,True,0.01,2,0.6283151011420182,0.0439553948908887,0.5394312010901183,0.5184517316893991,9,2.2025,0.45,0.038144405903908656,0.656794617886766,0.05807661148101596
0.1,False,0.01,3,1.4072342679362355,0.06452882629002149,1.4072342679362355,1.4048431889489732,10,1.986666666666667,0.5,0.7535858740192943,0.7277545066567882,1.0354946154104596
0.1,True,0.01,3,1.4072342679362355,0.06551389971200475,1.4072342679362355,1.4048431889489732,10,1.986666666666667,0.5,0.12684346751794442,0.7277588130591961,0.1742932755571229
0.1,False,0.01,4,0.7726604427606188,0.054309889530331425,0.7235632740826284,0.6854150923870436,9,2.2,0.45,0.6877746772984108,0.6567674987768737,1.0472118025512398
0.1,True,0.01,4,0.7726604427606188,0.055265541531039714,0.7235632740826284,0.6854150923870436,9,2.2,0.45,0.04529146316084777,0.6567674987768737,0.06896118211731675
0.1,False,0.01,5,1.19082231474251,0.0788208523448414,1.115491929003176,0.9586265529278967,9,2.185,0.45,0.6874879055551569,0.6564182645783365,1.0473320771314103
0.1,True,0.01,5,1.19082231474251,0.07977981593845769,1.115491929003176,0.9586265529278967,9,2.185,0.45,0.034012749740708434,0.6564180953995229,0.05181567956043504
0.1,False,0.01,6,0.8311006878362877,0.07538945010210914,0.09171553755466745,0.08757471149541675,8,2.2857142857142856,0.4,0.6878275269624256,0.6568279523195579,1.047195880574507
0.1,True,0.01,6,0.8311006878362877,0.07625185866959658,0.09171553755466745,0.08757471149541675,8,2.2857142857142856,0.4,0.03137911269324107,0.6568279523195579,0.04777371689900445
0.1,False,0.01,7,1.478199709166661,0.09847318694047938,1.437838846523188,1.2892577368837665,9,2.1900000000000004,0.45,0.6876644136205311,0.6566310949524663,1.0472614194779337
0.1,True,0.01,7,1.478199709166661,0.09933664950968878,1.437838846523188,1.2892577368837665,9,2.1900000000000004,0.45,0.0662183663586668,0.6566310949524663,0.100845614481012
0.1,False,0.01,8,0.9638691863489376,0.049772222200774374,0.9495050032197733,0.9433087457191942,10,1.9755555555555557,0.5,0.6874881819268095,0.6564184522065168,1.0473321987956328
0.1,True,0.01,8,0.9638691863489376,0.050058360122588456,0.9495050032197733,0.9433087457191942,10,1.9755555555555557,0.5,0.07296777497623365,0.6564182816185999,0.11116048548365962
0.1,False,0.01,9,1.161414203552196,0.07715961620510903,1.1576320202923822,1.0875316134940975,9,2.2075000000000005,0.45,0.687838564978888,0.6567784679260826,1.0472915869236588
0.1,True,0.01,9,1.161414203552196,0.07811467106157123,1.1576320202923822,1.0875316134940975,9,2.2075000000000005,0.45,0.06750022906724269,0.6567784679260826,0.10277472886346939
0.1,False,0.02,0,1.041257127285004,0.05439833535170311,1.041257127285004,1.0316177287139878,10,1.966666666666667,0.5,0.6874890993258754,0.6564190699814663,1.0473326107024188
0.1,True,0.02,0,1.041257127285004,0.054317034008614984,1.041257127285004,1.0316177287139878,10,1.9644444444444449,0.5,0.07469421930715234,0.6564189869838011,0.11379046108427872
0.1,False,0.02,1,0.9127993763141949,0.0486570578882862,0.8617554779870056,0.8617485120378908,11,1.7760000000000002,0.55,0.6878533421016466,0.6568098712919991,1.0472640121886696
0.1,True,0.02,1,0.9127993763141949,0.049848384541996374,0.8617554779870056,0.8617485120378908,11,1.7760000000000002,0.55,0.3376859424048622,0.6568098712919991,0.5141304305102415
0.1,False,0.02,2,1.0922881469619385,0.05171630073475486,1.0609472002886302,1.017964982825147,10,1.9733333333333336,0.5,0.695145405595421,0.6629358098206443,1.0485862948554623
0.1,True,0.02,2,1.0922881469619385,0.052021902488727054,1.0609472002886302,1.017964982825147,10,1.9733333333333336,0.5,0.06904768665789185,0.6629356353974244,0.10415443501139278
0.1,False,0.02,3,1.0572828777056416,0.06987858451423623,0.9577810859585228,0.9255509118994932,10,1.9644444444444449,0.5,0.6920608346179592,0.6604455515448127,1.047869626725969
0.1,True,0.02,3,1.0572828777056416,0.07100468705360674,0.9577810859585228,0.9255509118994932,10,1.9644444444444449,0.5,0.06632907150477857,0.6604455515448127,0.10043079440720135
0.1,False,0.02,4,0.7069543672053599,0.06622616125980409,0.08786933581141738,0.07193193596129374,8,2.3057142857142856,0.4,0.6874889640549754,0.6642132982256566,1.035042455272205
0.1,True,0.02,4,0.7069543672053599,0.06704875703840926,0.08786933581141738,0.07193193596129374,8,2.3057142857142856,0.4,0.0313792810340091,0.6642132982256566,0.047242777388816576
0.1,False,0.02,5,1.362730596534852,0.08639049436936985,1.362730596534852,1.3601248812041888,10,1.986666666666667,0.5,0.755459102444295,0.7235899690380203,1.0440430820297304
0.1,True,0.02,5,1.362730596534852,0.08750383434304357,1.362730596534852,1.3601248812041888,10,1.986666666666667,0.5,0.10989876685982863,0.7235862503971456,0.1518806730332828
0.1,False,0.02,6,0.9795920256745347,0.0526270867007994,0.9795920256745347,0.9739029593491796,10,1.9666666666666666,0.5,0.6878140778682559,0.6567857716434193,1.0472426573735822
0.1,True,0.02,6,0.9795920256745347,0.05288817175923735,0.9795920256745347,0.9739029593491796,10,1.9666666666666666,0.5,0.07631374220060137,0.6567928813277752,0.11619148784032754
0.1,False,0.02,7,1.2162396032514324,0.08325606910090527,1.2162396032514324,1.1853042823524598,9,2.2075000000000005,0.45,0.692075396630966,0.6604496967864668,1.0478850985177137
0.1,True,0.02,7,1.2162396032514324,0.08411255814021214,1.2162396032514324,1.1853042823524598,9,2.2075000000000005,0.45,0.08338240320588843,0.6604496967864668,0.1262509521699368
0.1,False,0.02,8,1.559614347936135,0.09653415052031769,1.5550895114204688,1.4476664620076498,9,2.2025,0.45,0.6874889514284744,0.6640873455933376,1.0352387452572065
0.1,True,0.02,8,1.559614347936135,0.09737793763775347,1.5550895114204688,1.4476664620076498,9,2.2025,0.45,0.0804386999498213,0.6640873455933376,0.12112668666623302
0.1,False,0.02,9,1.370035492478071,0.0719908595753191,1.3687783805934643,1.2901496923865372,10,1.9577777777777778,0.5,0.6877519558933956,0.6567565101117316,1.0471947278135028
0.1,True,0.02,9,1.370035492478071,0.07297370363030611,1.3687783805934643,1.2901496923865372,10,1.9577777777777778,0.5,0.07386618525030124,0.6567565101117316,0.11247118833319743
0.1,False,0.04,0,1.0755043310992978,0.05215324068267306,1.0755043310992978,1.0646071657991807,11,1.7900000000000003,0.55,0.348284131894218,0.3355097389703813,1.0380745784756187
0.1,True,0.04,0,1.0742702647090452,0.050512303323580685,1.0742702647090452,1.0630416350404566,11,1.7900000000000003,0.55,0.10525382118393939,0.335509738947801,0.3137131613535717
0.1,False,0.04,1,1.1033080220829057,0.04850144902724263,1.1033080220829057,1.0954185721742864,10,1.9822222222222219,0.5,0.7580946424231124,0.7309567815979464,1.0371264901992063
0.1,True,0.04,1,1.1033080220829057,0.048211185807062296,1.1033080220829057,1.0954185721742864,10,1.9822222222222219,0.5,0.08988978592806302,0.7309567098782829,0.12297552589681504
0.1,False,0.04,2,1.1592104681723725,0.04866637130435501,1.1592104681723725,1.1584320976559659,11,1.7920000000000003,0.55,0.35098530087762697,0.33490374006543744,1.0480184537832538
0.1,True,0.04,2,1.1592104681723725,0.04914913610612485,1.1592104681723725,1.1584320976559659,11,1.7920000000000003,0.55,0.09224207535649814,0.33490374006543744,0.27542862036430577
0.1,False,0.04,3,1.4216864685190296,0.08075738481507956,1.3951958215930835,1.2665055723694139,11,1.7580000000000002,0.55,0.755331229046092,0.7235648210614269,1.043902641499573
0.1,True,0.04,3,1.4216864685190296,0.08103388078703039,1.3951958215930835,1.2665055723694139,11,1.7580000000000002,0.55,0.06382498573956678,0.7235529285262561,0.08821052770991611
0.1,False,0.04,4,1.4696425453618223,0.07199435992828436,1.4696425453618223,1.4142264005850411,11,1.7720000000000002,0.55,0.6874502733340712,0.6565304462111952,1.0470957992187826
0.1,True,0.04,4,1.4696425453618223,0.07177357309025707,1.4696425453618223,1.4142264005850411,11,1.7720000000000002,0.55,0.09336250445192494,0.6565159886151358,0.14220903363931184
0.1,False,0.04,5,1.3241672752766442,0.1236130443018974,0.15190229398991129,0.13865010553643015,9,2.0100000000000002,0.45,0.7554484176359417,0.7236072157052319,1.0440034319664346
0.1,True,0.04,5,1.3241672752766442,0.12432498997026768,0.15190229398991129,0.13865010553643015,9,2.0100000000000002,0.45,0.032105651284276684,0.7236072157052319,0.044368893155131726
0.1,False,0.04,6,0.8474337597931527,0.060856065166974234,0.8270630296686242,0.7456819197070977,10,1.9422222222222227,0.5,0.6878772226964093,0.6568203913804875,1.0472835963624145
0.1,True,0.04,6,0.8474337597931527,0.061594338276780555,0.8270630296686242,0.7456819197070977,10,1.9422222222222227,0.5,0.04016263917895105,0.6568203913804875,0.06114706492804102
0.1,False,0.04,7,1.4008984249369831,0.06550316768598421,1.4000036696046279,1.3201267477402325,11,1.7680000000000002,0.55,0.3481428803151325,0.33135311120407074,1.0506703196459535
0.1,True,0.04,7,1.4008984249369831,0.06508569008197894,1.4000036696046279,1.3201267477402325,11,1.7680000000000002,0.55,0.07341734111292889,0.33135311120407074,0.221568285942983
0.1,False,0.04,8,0.9756515311913294,0.08235437765635222,0.11275866334331135,0.10447496137211465,9,2.0175,0.45,0.4731905780387688,0.46175651084351804,1.0247621114201537
0.1,True,0.04,8,0.9756515311913294,0.08278597313423096,0.11275866334331135,0.10447496137211465,9,2.0175,0.45,0.017937192019773625,0.46175648346712905,0.03884556605734145
0.1,False,0.04,9,0.8960221446566095,0.06824742632674666,0.8770528384119225,0.8009044452977233,10,1.9266666666666667,0.5,0.6878805641237303,0.6568940609061058,1.0471712320365802
0.1,True,0.04,9,0.8960221446566095,0.06900111728969789,0.8770528384119225,0.8009044452977233,10,1.9266666666666667,0.5,0.05137461969478613,0.6569006040378278,0.07820759990292246
0.1,False,0.08,0,0.9487691015943267,0.06082680667234029,0.8528504779181071,0.7956896087333307,12,1.6018181818181816,0.6,0.4799177424006931,0.46667305959670624,1.0283810721515652
0.1,True,0.08,0,0.9487691015943267,0.061199257675212865,0.8528504779181071,0.7956896087333307,12,1.6018181818181816,0.6,0.057517565601419664,0.46667305959670624,0.12325023760290657
0.1,False,0.08,1,0.8945036088183607,0.06301034616189102,0.8717929607332492,0.8178090443587153,13,1.4733333333333334,0.65,0.4709710485268971,0.4513514289496603,1.0434686084398248
0.1,True,0.08,1,0.8945036088183607,0.06378438560226897,0.8717929607332492,0.8178090443587153,13,1.4733333333333334,0.65,0.05786503552175939,0.45157087069971547,0.12814164763097993
0.1,False,0.08,2,1.0923832328548206,0.0607452369472595,1.0923832328548206,1.08264502728435,15,1.2799999999999998,0.75,0.3514894006513474,0.3346053358555022,1.0504596368800192
0.1,True,0.08,2,1.0923832328548206,0.06102225259815293,1.0923832328548206,1.08264502728435,15,1.28,0.75,0.33965176540183023,0.4614891087736777,0.7359908570072246
0.1,False,0.08,3,1.2782715502864854,0.05002984947326987,1.2782715502864854,1.2612190711159184,16,1.1986666666666668,0.8,0.69135579274277,0.6597032622430278,1.0479799498704039
0.1,True,0.08,3,1.2782715502864854,0.06539573754227922,1.2782715502864854,1.2612190711159184,14,1.383076923076923,0.7,0.33600754822821505,0.6564196423978629,0.5118791791313858
0.1,False,0.08,4,1.1756650071838008,0.0653580510534088,1.1552174050939328,1.1502883797602417,15,1.2728571428571427,0.75,0.6833524528859506,0.6528946758043581,1.0466503666880398
0.1,True,0.08,4,1.1756650071838008,0.06636584125596234,1.1552174050939328,1.1502883797602417,15,1.2728571428571427,0.75,0.11046459408611227,0.6528999078497877,0.16919070226356364
0.1,False,0.08,5,0.9144642230206974,0.05426335141935001,0.8212361784855594,0.814051136820626,16,1.1933333333333336,0.8,0.6909181900421879,0.6594659588591267,1.0476934854829807
0.1,True,0.08,5,0.9144642230206974,0.052636958985210314,0.8199442451486683,0.8120375433703654,15,1.2785714285714287,0.75,0.08948141996083689,0.6562477120861141,0.13635311510654358
0.1,False,0.08,6,1.0474043961154764,0.07165192939220542,0.9892089180866696,0.9449516991991181,13,1.4666666666666668,0.65,0.3466449952010305,0.3318417891945094,1.0446092247689602
0.1,True,0.08,6,1.0474043961154764,0.07246158389506153,0.9892089180866696,0.9449516991991181,13,1.4666666666666668,0.65,0.06600203446045591,0.33148624203552135,0.1991094226295939
0.1,False,0.08,7,0.8656669586168872,0.07658245736550488,0.10834419241475984,0.09419614576514689,13,1.3533333333333335,0.65,0.47694775844390586,0.4557164525780154,1.046588848612322
0.1,True,0.08,7,0.8656669586168872,0.07787541242228618,0.10834419241475984,0.09419614576514689,13,1.3533333333333335,0.65,0.021197316573793114,0.4527391897629357,0.046820149450884405
0.1,False,0.08,8,0.8727314937289868,0.06540910308624288,0.8727314937289868,0.8537918087201267,13,1.4750000000000003,0.65,0.34821381630952614,0.33612418106012576,1.0359677610081555
0.1,True,0.08,8,0.8727314937289868,0.06635289143868824,0.8727314937289868,0.8537918087201267,13,1.4750000000000003,0.65,0.057769970000144215,0.33612379108391566,0.1718711122529569
0.1,False,0.08,9,0.9344431354319109,0.05548230768233704,0.8499083216239499,0.7930320655182341,11,1.768,0.55,0.33859002557679346,0.3355200749081475,1.0091498240763583
0.1,True,0.08,9,0.9344431354319109,0.055625321373271586,0.8499083216239499,0.7930320655182341,11,1.768,0.55,0.05663714855315096,0.3355200749081475,0.1688040526333692
0.25,False,0.0,0,1.3785918172191995,0.07453569663304832,1.354280195014281,1.2239579668378833,10,1.9488888888888891,0.5,0.6874881670675758,0.656418439916941,1.0473321957671298
0.25,True,0.0,0,1.3785918172191995,0.07488665834011293,1.354280195014281,1.2239579668378833,10,1.9488888888888891,0.5,0.05787525594945254,0.6564182688717326,0.08816825887670929
0.25,False,0.0,1,0.7964510417873248,0.07160285161635702,0.08179313884285191,0.07940503208258036,8,2.2857142857142856,0.4,0.6877998120075965,0.6568160777935013,1.0471726168321107
0.25,True,0.0,1,0.7964510417873248,0.07244653826153778,0.08179313884285191,0.07940503208258036,8,2.2857142857142856,0.4,0.03137911210842147,0.6568160777935013,0.047774579705876626
0.25,False,0.0,2,1.4324679079301987,0.07202014036858592,1.4324679079301987,1.3772402494249236,10,1.9644444444444444,0.5,0.6874881711452031,0.6564184392979875,1.0473322029666188
0.25,True,0.0,2,1.4324679079301987,0.07210203063647537,1.4324679079301987,1.3772402494249236,10,1.9644444444444449,0.5,0.08627568046195849,0.6564182685444881,0.131434002471973
0.25,False,0.0,3,1.203095858114801,0.08119762360902845,1.203095858114801,1.193424325750787,9,2.2199999999999998,0.45,0.6874882050633969,0.6564184642874877,1.0473322147668436
0.25,True,0.0,3,1.203095858114801,0.08207894977539361,1.203095858114801,1.193424325750787,9,2.2199999999999998,0.45,0.09249311315541597,0.6564182947901676,0.14090575133052444
0.25,False,0.0,4,1.1819224452499695,0.08040895364996278,1.1530716197454853,1.0410756952955078,9,2.1925,0.45,0.6874881938122794,0.6564184595256308,1.0473322052243463
0.25,True,0.0,4,1.1819224452499695,0.08126661338610895,1.1530716197454853,1.0410756952955078,9,2.1925,0.45,0.060550760436433024,0.6564182900861412,0.09224417000361589
0.25,False,0.0,5,1.135628651932673,0.0559510329320267,1.135628651932673,1.1304599231426429,10,1.9866666666666666,0.5,0.6874882209022573,0.6564184781024391,1.0473322168539523
0.25,True,0.0,5,1.135628651932673,0.05684344460382345,1.135628651932673,1.1304599231426429,10,1.9866666666666666,0.5,0.10933480692130698,0.6564183086793325,0.1665627014193407
0.25,False,0.0,6,1.049727666534565,0.07418103979695198,1.0197844949002877,0.9259786799011408,9,2.1875,0.45,0.6878709992027717,0.6568112853043592,1.0472886406583761
0.25,True,0.0,6,1.049727666534565,0.07504547919046643,1.0197844949002877,0.9259786799011408,9,2.1875,0.45,0.05058802219182091,0.6568112853043592,0.077020634764761
0.25,False,0.0,7,0.8532456121063863,0.07362329108476472,0.09283571337636423,0.09210969892564645,8,2.2914285714285714,0.4,0.6876898865342929,0.6567278917766955,1.0471458485289664
0.25,True,0.0,7,0.8532456121063863,0.0744658661927124,0.09283571337636423,0.09210969892564645,8,2.2914285714285714,0.4,0.03137911093154812,0.6567278917766955,0.04778099312772425
0.25,False,0.0,8,1.0311105358150237,0.051395750878762976,1.0311105358150237,1.0156593561573433,10,1.9866666666666666,0.5,0.6874882367613498,0.6564184885299746,1.0473322243765903
0.25,True,0.0,8,1.0311105358150237,0.0522854234288133,1.0311105358150237,1.0156593561573433,10,1.9866666666666666,0.5,0.10579849272812522,0.6564183188762005,0.1611754113567072
0.25,False,0.0,9,0.9925430082110054,0.08545279754330262,0.11040136730640644,0.1061743915692544,8,2.3000000000000003,0.4,0.6874882140345866,0.6564184726879028,1.0473322150306454
0.25,True,0.0,9,0.9925430082110054,0.08629800574488368,0.11040136730640644,0.1061743915692544,8,2.3000000000000003,0.4,0.03137903603728977,0.6564183030479854,0.047803414139706714
0.25,False,0.01,0,1.4987561418483413,0.0747702021044383,1.4987561418483413,1.4578463553665364,10,1.9644444444444444,0.5,0.6919660248930857,0.6604240258270835,1.0477602218949262
0.25,True,0.01,0,1.4987561418483413,0.07567720130135745,1.4987561418483413,1.4578463553665364,10,1.9644444444444444,0.5,0.09234126931282312,0.6604240258270835,0.13982118390886544
0.25,False,0.01,1,1.2020775749234514,0.08497913127017497,1.1542262951805693,1.0183529356731849,9,2.1775,0.45,0.687883873831195,0.6568601507309512,1.0472303305635005
0.25,True,0.01,1,1.2020775749234514,0.0859390625592059,1.1542262951805693,1.0183529356731849,9,2.1775,0.45,0.059342356273285234,0.6568669565872679,0.09034151526095194
0.25,False,0.01,2,0.9181650260577503,0.06507437328288088,0.9181650260577503,0.8893609413567324,9,2.205,0.45,0.6877236867176367,0.6567588121748144,1.047148013732981
0.25,True,0.01,2,0.9181650260577503,0.06599566638059341,0.9181650260577503,0.8893609413567324,9,2.205,0.45,0.0585407102681544,0.6567554382125873,0.0891362397216556
0.25,False,0.01,3,0.8611837396147496,0.048886482339439395,0.8523884715779964,0.8518018773887749,10,1.9711111111111113,0.5,0.7535436494005663,0.727772969437215,1.0354103271352182
0.25,True,0.01,3,0.8611837396147496,0.049193340104740295,0.8523884715779964,0.8518018773887749,10,1.9711111111111113,0.5,0.07091171689054744,0.7277820425450486,0.09743537576873194
0.25,False,0.01,4,1.20022392526218,0.102621393435851,0.15026486433939135,0.12393013794767663,8,2.3114285714285714,0.4,0.6877219421627034,0.6567065503831537,1.0472286909795938
0.25,True,0.01,4,1.20022392526218,0.10355127355992579,0.15026486433939135,0.12393013794767663,8,2.3114285714285714,0.4,0.031379123894357125,0.6567065503831537,0.047782565634934646
0.25,False,0.01,5,1.3895129044561365,0.06710895492176858,1.3895129044561365,1.3815838090076202,10,1.9733333333333332,0.5,0.6874879132551259,0.6564182672634178,1.047332084577573
0.25,True,0.01,5,1.3895129044561365,0.06809296688268954,1.3895129044561365,1.3815838090076202,10,1.9733333333333332,0.5,0.1026810913511321,0.656418098087173,0.15642635615002437
0.25,False,0.01,6,0.944750018860571,0.0401720815071538,0.8586981488409587,0.8284148966430992,10,1.9888888888888892,0.5,0.6876258305283723,0.6566708553842817,1.0471392537724804
0.25,True,0.01,6,0.944750018860571,0.041139049155102025,0.8586981488409587,0.8284148966430992,10,1.9888888888888892,0.5,0.4059113975612364,0.6566692425143339,0.6181367584522421
0.25,False,0.01,7,1.1541354646833937,0.06459967984848468,1.1427677249635029,1.0486015246116396,10,1.9488888888888891,0.5,0.68766140169626,0.656720980605713,1.0471134940974418
0.25,True,0.01,7,1.1541354646833937,0.06499925525983903,1.1427677249635029,1.0486015246116396,10,1.9488888888888891,0.5,0.05371045057842329,0.656711345892349,0.08178699946725261
0.25,False,0.01,8,1.2089354638615974,0.07675424918930228,1.2089354638615974,1.2089354638615974,9,2.2375,0.45,0.6874881903247299,0.6564184534204551,1.0473322096523108
0.25,True,0.01,8,1.2089354638615974,0.07762063676076035,1.2089354638615974,1.2089354638615974,9,2.2375,0.45,0.1073385625831907,0.6564182837993295,0.16352159144379205
0.25,False,0.01,9,0.9783412838506589,0.0644172674938511,0.9783412838506589,0.9403731601871789,9,2.2125000000000004,0.45,0.6878140081624641,0.6567819889200236,1.0472485828154625
0.25,True,0.01,9,0.9783412838506589,0.0653737366704133,0.9783412838506589,0.9403731601871789,9,2.2125000000000004,0.45,0.06157511041866265,0.6567819889200236,0.09375273890528067
0.25,False,0.02,0,0.7324033891584166,0.03957645592669607,0.6794799093660507,0.6791972652798203,10,1.9711111111111113,0.5,0.6874891046894358,0.6564190749557435,1.0473326109367778
0.25,True,0.02,0,0.7324033891584166,0.039644531181084734,0.6795286694091413,0.6792147839738253,10,1.9688888888888891,0.5,0.06263133270108442,0.656418991757899,0.09541365102484804
0.25,False,0.02,1,1.4764045301412243,0.1303023605896905,0.1622193540744088,0.15019859600383278,9,2.0125,0.45,0.6878761020000912,0.6568138818318492,1.0472922695152507
0.25,True,0.02,1,1.4764045301412243,0.13153297817368154,0.1622193540744088,0.15019859600383278,9,2.0125,0.45,0.33768593941256003,0.6568138818318492,0.5141272866472144
0.25,False,0.02,2,1.1819791921748273,0.07629978613744147,1.1066784953727866,0.9598217592439581,9,2.1875,0.45,0.6951453992327328,0.6629358027666024,1.0485862964153168
0.25,True,0.02,2,1.1819791921748273,0.07714623184896867,1.1066784953727866,0.9598217592439581,9,2.1875,0.45,0.041133393764879324,0.6629356294183868,0.06204734197032001
0.25,False,0.02,3,0.7835099564424896,0.04076397170609369,0.7034907745144495,0.6614661383358402,11,1.794,0.55,0.6922027345137092,0.6605664696596796,1.0478926274027136
0.25,True,0.02,3,0.7835099564424896,0.04188685289009093,0.7034907745144495,0.6614661383358402,11,1.794,0.55,0.08330001334660236,0.6605664696596796,0.12610390785262562
0.25,False,0.02,4,1.190896150950883,0.07776075898021662,1.1906501415585509,1.145522297428184,9,2.215,0.45,0.6876126799175363,0.656659566309014,1.0471372293186376
0.25,True,0.02,4,1.190896150950883,0.07862624600707634,1.1906501415585509,1.145522297428184,9,2.215,0.45,0.07873864493000614,0.6566622544000823,0.11990737138079198
0.25,False,0.02,5,1.1492360963400354,0.058221421060051695,1.090090814944202,1.090090814944202,11,1.778,0.55,0.7555807648409352,0.7237012299628071,1.0440506835061145
0.25,True,0.02,5,1.1492360963400354,0.059269154487904895,1.090090814944202,1.090090814944202,11,1.778,0.55,0.09805430804887799,0.7237012299628071,0.13549003905717727
0.25,False,0.02,6,0.8393388793899698,0.054470431664405905,0.6379944525259689,0.6102948278374392,9,2.18,0.45,0.6877712246382885,0.6567800301912623,1.0471865647175884
0.25,True,0.02,6,0.8393388793899698,0.055420975309103386,0.6379944525259689,0.6102948278374392,9,2.18,0.45,0.041553121961072824,0.6567800301912623,0.06326794358486221
0.25,False,0.02,7,1.1679621603356403,0.07347519286075813,1.1679621603356403,1.1679621603356403,9,2.2375,0.45,0.6921168492632025,0.6604708171167266,1.0479143518205871
0.25,True,0.02,7,1.1679621603356403,0.07433275874768554,1.1679621603356403,1.1679621603356403,9,2.2375,0.45,0.1042478497493093,0.6604708171167266,0.1578386915663628
0.25,False,0.02,8,0.7428814058941984,0.06449903274347156,0.0824997315676444,0.0782152722813197,8,2.302857142857143,0.4,0.687488968118409,0.664141312970955,1.035154648049007
0.25,True,0.02,8,0.7428814058941984,0.06532435093954214,0.0824997315676444,0.0782152722813197,8,2.302857142857143,0.4,0.031379282434966495,0.664141312970955,0.04724790007016309
0.25,False,0.02,9,1.0511387587673116,0.06830993370636039,1.0477362471939038,0.9883870897100655,9,2.215,0.45,0.6875734499008344,0.6566393573512397,1.047109712745924
0.25,True,0.02,9,1.0511387587673116,0.06926773125129847,1.0477362471939038,0.9883870897100655,9,2.215,0.45,0.06305278595439759,0.6566393573512397,0.09602346425398146
0.25,False,0.04,0,0.9090085056362696,0.04957538470648323,0.9087471218981031,0.8707823175470816,10,1.9866666666666666,0.5,0.34811029967508367,0.3355097391122681,1.0375564642582333
0.25,True,0.04,0,0.9090085056362696,0.04999986056915473,0.9087471218981031,0.8707823175470816,10,1.9866666666666666,0.5,0.05702020889719039,0.3355097391122681,0.16995097930125758
0.25,False,0.04,1,1.265770725306163,0.05954695914714386,1.265770725306163,1.2609650519413678,10,1.9777777777777774,0.5,0.758094656295603,0.7309567897611879,1.037126497595234
0.25,True,0.04,1,1.265770725306163,0.060213875011943876,1.265770725306163,1.2609650519413678,10,1.9777777777777774,0.5,0.11771615281395591,0.7309567177969776,0.16104394389820426
0.25,False,0.04,2,0.9437083683248639,0.0667179624244165,0.9434197346655002,0.8959907191201947,10,1.9533333333333331,0.5,0.3509897565965361,0.3331830775650628,1.0534441247981805
0.25,True,0.04,2,0.9437083683248639,0.0671072374419648,0.9434197346655002,0.8959907191201947,10,1.9533333333333331,0.5,0.05465822966701575,0.3331830775650628,0.164048636270531
0.25,False,0.04,3,0.6985863180107414,0.041165413703441824,0.6985863180107414,0.6945638758259489,11,1.7879999999999998,0.55,0.7556426465374444,0.7238269026882584,1.043954905084446
0.25,True,0.04,3,0.6985863180107414,0.04139670895611892,0.6985863180107414,0.6945638758259489,11,1.7879999999999998,0.55,0.35223569183793785,0.7238355991405544,0.4866238849947982
0.25,False,0.04,4,0.9639609226458346,0.0553895512691665,0.9072227413124282,0.8871256779199094,11,1.7559999999999998,0.55,0.6878421105856186,0.6568324522514037,1.0472109092367667
0.25,True,0.04,4,0.9639609226458346,0.055495235041864655,0.9072227413124282,0.8871256779199094,11,1.7559999999999998,0.55,0.06267223883820103,0.6568386298437747,0.09541497088515072
0.25,False,0.04,5,1.2126342193841264,0.08280055616056309,1.139387035924339,1.012070178178521,10,1.946666666666667,0.5,0.7554171295991778,0.7236160746797276,1.0439474121544052
0.25,True,0.04,5,1.2126342193841264,0.08357117895896328,1.139387035924339,1.012070178178521,10,1.946666666666667,0.5,0.05545633448492757,0.7236146180475478,0.07663794100500837
0.25,False,0.04,6,1.1928014366927857,0.08178211334180585,1.1737527220436792,1.060467785643194,10,1.9400000000000002,0.5,0.6878008199905348,0.6568087343411135,1.0471858594166314
0.25,True,0.04,6,1.1928014366927857,0.08251996525707733,1.1737527220436792,1.060467785643194,10,1.9400000000000002,0.5,0.05048840313931958,0.6568087343411135,0.07686926257626345
0.25,False,0.04,7,0.798540362884294,0.05247306548520263,0.7445954232789103,0.7442753873699613,10,1.9844444444444447,0.5,0.3482097961868188,0.33576452707530136,1.0370654642491786
0.25,True,0.04,7,0.798540362884294,0.05288800996923385,0.7445954232789103,0.7442753873699613,10,1.9844444444444447,0.5,0.06885690546448993,0.33576452707530136,0.20507498471979
0.25,False,0.04,8,1.0483782354758244,0.07135137749759245,0.9835020829294104,0.9464595284590438,10,1.9555555555555557,0.5,0.4731906039723448,0.46175653253707816,1.0247621194391794
0.25,True,0.04,8,1.0483782354758244,0.07178352353068515,0.9835020829294104,0.9464595284590438,10,1.9555555555555557,0.5,0.06632423078919843,0.46175650533559004,0.14363464267246528
0.25,False,0.04,9,0.8066030654700362,0.07048224179244306,0.08692365146336416,0.08536076457843216,9,2.005,0.45,0.6811692114599955,0.6640592027278571,1.0257657865986756
0.25,True,0.04,9,0.8066030654700362,0.07115019283405094,0.08692365146336416,0.08536076457843216,9,2.005,0.45,0.02212036946509562,0.6640592027278571,0.03331083936630585
0.25,False,0.08,0,1.3817918814665802,0.08105930113781715,1.3661450971204645,1.2497213498373791,13,1.455,0.65,0.5322823143638472,0.33550973910046494,1.586488410752131
0.25,True,0.08,0,1.3817918814665802,0.08069470912314929,1.3661450971204645,1.2497213498373791,13,1.455,0.65,0.40219831498344644,0.33550973909423615,1.1987679250995191
0.25,False,0.08,1,0.9501024513421887,0.057263400710338794,0.9276824843533582,0.8729630305246353,13,1.4883333333333333,0.65,0.47097103734615153,0.4513514200507552,1.0434686042412837
0.25,True,0.08,1,0.9501024513421887,0.05805693217109643,0.9276824843533582,0.8729630305246353,13,1.4883333333333333,0.65,0.059724935717590806,0.4515708617336587,0.1322603840204305
0.25,False,0.08,2,1.2160233376666965,0.08655051598424812,1.2160233376666965,1.2160233376666965,14,1.3784615384615384,0.7,0.3514893608033043,0.33460528795412425,1.0504596681718765
0.25,True,0.08,2,1.2160233376666965,0.08813515831889018,1.2160233376666965,1.2160233376666965,14,1.3784615384615384,0.7,0.3396517649659817,0.46145465933534885,0.7360458007275288
0.25,False,0.08,3,1.222105604344687,0.09489909302303678,1.222105604344687,1.221025085508487,14,1.3784615384615384,0.7,0.6913558187888839,0.6597032778606544,1.0479799645423853
0.25,True,0.08,3,1.219338340763252,0.09226689074757996,1.219338340763252,1.2189474750036036,13,1.4933333333333332,0.65,0.10973694567742877,0.6564196546333934,0.16717498438029138
0.25,False,0.08,4,0.9314539915613531,0.07140308999512932,0.9314539915613531,0.8954842230330888,14,1.3538461538461537,0.7,0.6833524492313764,0.652894677191441,1.0466503588669238
0.25,True,0.08,4,0.9314539915613531,0.07240688466535368,0.9314539915613531,0.8954842230330888,14,1.3538461538461537,0.7,0.05851960923700692,0.6528999089075562,0.08963029148723989
0.25,False,0.08,5,1.2479657255997278,0.12665791749218952,0.1434487764628181,0.13139970122324726,14,1.2430769230769234,0.7,0.6909181461675564,0.6594659223353048,1.047693476977824
0.25,True,0.08,5,1.2479657255997278,0.12357525423467215,0.1434487764628181,0.13139970122324726,13,1.346666666666667,0.65,0.0313881020019363,0.6562476763120204,0.047829658049993326
0.25,False,0.08,6,1.3755871917667062,0.07469242675201741,1.3755871917667062,1.3523176018763665,14,1.3523076923076922,0.7,0.34664479440305884,0.33184168857028723,1.0446089364236923
0.25,True,0.08,6,1.3755871917667062,0.07347913420308196,1.3755871917667062,1.3523176018763665,14,1.3523076923076922,0.7,0.09333144627999024,0.3314861429127138,0.281554592835609
0.25,False,0.08,7,1.4735129170325014,0.11432199310987623,1.3906395918964984,1.2019359913291445,14,1.3353846153846156,0.7,0.4769477701492551,0.4557164554365481,1.0465888677330728
0.25,True,0.08,7,1.4735129170325014,0.11591954256927553,1.3906395918964984,1.2019359913291445,14,1.3353846153846156,0.7,0.04639781185677028,0.4527391924197787,0.10248242814213421
0.25,False,0.08,8,1.0610849187601235,0.10328782012100601,0.1426589428701608,0.10819721178863757,12,1.4690909090909094,0.6,0.34816443214630866,0.3361242191071203,1.0358207213849426
0.25,True,0.08,8,1.0610849187601235,0.10424965748449595,0.1426589428701608,0.10819721178863757,12,1.4690909090909094,0.6,0.01795344393305067,0.3361238292065283,0.053413183831742414
0.25,False,0.08,9,1.2414207596913946,0.08245456075277577,1.2414207596913946,1.240437968419373,11,1.782,0.55,0.33862688998204715,0.33555443074353447,1.009156363164534
0.25,True,0.08,9,1.2414207596913946,0.08259386312484211,1.2414207596913946,1.240437968419373,11,1.782,0.55,0.11594589952666227,0.33555443074353447,0.3455352948974912
0.45,False,0.0,0,1.4259332029757077,0.10045411553475399,1.236135372242451,1.0119761164438006,9,2.16,0.45,0.6874881644574634,0.6564184342020623,1.0473322009090698
0.45,True,0.0,0,1.4259332029757077,0.10132143140998577,1.236135372242451,1.0119761164438006,9,2.16,0.45,0.03137902489115459,0.6564182645641727,0.04780339996204283
0.45,False,0.0,1,1.326472572655574,0.06155183434346077,1.326472572655574,1.3026501991234798,10,1.9733333333333336,0.5,0.6876541643412266,0.6566762059873196,1.0471738689848789
0.45,True,0.0,1,1.326472572655574,0.06305295160148659,1.326472572655574,1.3026501991234798,10,1.9733333333333336,0.5,0.09054908943128902,0.6566620911651502,0.13789297495874936
0.45,False,0.0,2,1.089459555139389,0.0892593821109407,0.12033819736244022,0.11816630826007048,8,2.2971428571428567,0.4,0.6877778546189263,0.656750412877122,1.0472438845658794
0.45,True,0.0,2,1.089459555139389,0.09010223663110381,0.12033819736244022,0.11816630826007048,8,2.2971428571428567,0.4,0.03137911694076647,0.656750412877122,0.04777936378527735
0.45,False,0.0,3,1.200773998892973,0.1078514177323095,0.1317744130055127,0.12338911646676488,8,2.288571428571429,0.4,0.6878847006766712,0.6568560434710943,1.047238137590043
0.45,True,0.0,3,1.200773998892973,0.1086932840561714,0.1317744130055127,0.12338911646676488,8,2.288571428571429,0.4,0.031379116027069526,0.6568560434710943,0.04777167888031881
0.45,False,0.0,4,0.9575504811375837,0.05829117712356725,0.8866231015148723,0.8311307594980262,9,2.2225,0.45,0.6874881899364057,0.6564184579765943,1.0473322017912956
0.45,True,0.0,4,0.9575504811375837,0.05916826912759157,0.8866231015148723,0.8311307594980262,9,2.2225,0.45,0.05865357465174145,0.6564182884310596,0.08935396163714227
0.45,False,0.0,5,0.9536804243850031,0.08265259873742238,0.10442777767772611,0.09861920286867272,8,2.3057142857142856,0.4,0.6877932597714825,0.656775148551806,1.047227898681678
0.45,True,0.0,5,0.9536804243850031,0.08349445276913375,0.10442777767772611,0.09861920286867272,8,2.3057142857142856,0.4,0.03137911743766865,0.656775148551806,0.04777756506025277
0.45,False,0.0,6,1.1629024472265461,0.056143911450672095,1.1406178876610475,1.1395212739171714,10,1.98,0.5,0.6874881826270098,0.6564184527279938,1.0473321990303013
0.45,True,0.0,6,1.1629024472265461,0.05752064890646307,1.1406178876610475,1.1395212739171714,10,1.98,0.5,0.09166415591200325,0.6564182835523331,0.13964290463742454
0.45,False,0.0,7,1.0366336629591733,0.06514335373604967,0.9660741657188073,0.9515907627071041,9,2.2275,0.45,0.6876187287946808,0.6567019357536759,1.04707888055552
0.45,True,0.0,7,1.0366336629591733,0.06600603953137324,0.9660741657188073,0.9515907627071041,9,2.2275,0.45,0.0751438366598179,0.6567019357536759,0.11442609265214305
0.45,False,0.0,8,0.9255277956240977,0.0561581306075936,0.9255277956240977,0.8970468526814251,9,2.2275,0.45,0.6874881857263581,0.6564184540123628,1.0473322017026627
0.45,True,0.0,8,0.9255277956240977,0.05709325667549698,0.9255277956240977,0.8970468526814251,9,2.2275,0.45,0.059807346402838746,0.656418284273955,0.09111163985609916
0.45,False,0.0,9,1.3189654325087736,0.0880703087980341,1.2619674425872438,1.10531986472129,9,2.1850000000000005,0.45,0.6874881968487643,0.656418460172471,1.0473322088181336
0.45,True,0.0,9,1.3189654325087736,0.08889455842383127,1.2619674425872438,1.10531986472129,9,2.1850000000000005,0.45,0.062075311293877514,0.656418290932533,0.09456669940004908
0.45,False,0.01,0,0.974386213179224,0.04379447080240233,0.974386213179224,0.9576527271210644,10,1.98,0.5,0.6918819336496554,0.6603626260891517,1.0477303003948595
0.45,True,0.01,0,0.974386213179224,0.04523844880476352,0.974386213179224,0.9576527271210644,10,1.98,0.5,0.06913895779274215,0.660351373829615,0.10470025569429837
0.45,False,0.01,1,0.896757704192683,0.051060752567677885,0.5481697506142754,0.4867368844822119,9,2.185,0.45,0.6875868366371427,0.6566502259109961,1.0471127678911774
0.45,True,0.01,1,0.896757704192683,0.05201663683568905,0.5481697506142754,0.4867368844822119,9,2.185,0.45,0.033646436263625186,0.6566502259109961,0.05123951060202055
0.45,False,0.01,2,0.8640254878793683,0.04978736410360126,0.559694094834193,0.515997342101681,9,2.1925,0.45,0.6876474299251971,0.6566964011993879,1.0471314105302678
0.45,True,0.01,2,0.8640254878793683,0.050651772641787066,0.559694094834193,0.515997342101681,9,2.1925,0.45,0.038879002962751506,0.6566964011993879,0.059203922592752325
0.45,False,0.01,3,1.07213718387575,0.04765816231257647,1.0636282856763382,0.9912569968953295,10,1.982222222222222,0.5,0.7530918971237608,0.727453498831065,1.0352440359399602
0.45,True,0.01,3,1.07213718387575,0.049240032765882506,1.0636282856763382,0.9912569968953295,10,1.982222222222222,0.5,0.39823534647863235,0.7274448647092524,0.5474440266897154
0.45,False,0.01,4,1.0700798044110698,0.05415448589178525,1.0700798044110698,1.0214413711932337,10,1.9644444444444444,0.5,0.687925158913201,0.6568597738298947,1.0472937836562626
0.45,True,0.01,4,1.0700798044110698,0.0556531165591228,1.0700798044110698,1.0214413711932337,10,1.9644444444444444,0.5,0.06424466468657665,0.6568657370125957,0.09780486478249645
0.45,False,0.01,5,0.9832391450964395,0.07011051601656801,0.9226672070391445,0.9082871573897231,9,2.2,0.45,0.6874879758162072,0.6564183142199649,1.0473321049639375
0.45,True,0.01,5,0.9832391450964395,0.07106853744535878,0.9226672070391445,0.9082871573897231,9,2.2,0.45,0.06538521747333827,0.6564181450020155,0.09960909501294851
0.45,False,0.01,6,0.6869407049422155,0.04689028194434177,0.6021852862788059,0.6011956394754255,9,2.2175000000000002,0.45,0.6877880925016703,0.6568181090130409,1.0471515355872487
0.45,True,0.01,6,0.6869407049422155,0.04777460835208241,0.6021852862788059,0.6011956394754255,9,2.2175000000000002,0.45,0.0525242545599364,0.6568181090130409,0.07996773194772834
0.45,False,0.01,7,1.0243846244951975,0.0684005078560458,1.0090318147569823,0.9205708239743116,9,2.1975,0.45,0.6876372188216748,0.6567006315411911,1.0471091160073511
0.45,True,0.01,7,1.0243846244951975,0.06926510870468464,1.0090318147569823,0.9205708239743116,9,2.1975,0.45,0.04852912024409631,0.6567006315411911,0.07389839119890348
0.45,False,0.01,8,1.329597668907778,0.09526049935400381,1.292218630490541,1.1471439178554756,9,2.18,0.45,0.7398288441035565,0.7268168349748311,1.0179027335150723
0.45,True,0.01,8,1.329597668907778,0.09609405034058252,1.292218630490541,1.1471439178554756,9,2.18,0.45,0.05590992485533617,0.7268168349748311,0.07692436675651289
0.45,False,0.01,9,0.8847269951178334,0.05486289304880246,0.8847269951178334,0.8619944552283806,9,2.2300000000000004,0.45,0.6876092313303745,0.6566690034740614,1.047116928993921
0.45,True,0.01,9,0.8847269951178334,0.05588833197456243,0.8847269951178334,0.8619944552283806,9,2.2300000000000004,0.45,0.06029734801312801,0.6566635704596937,0.09182380542153935
0.45,False,0.02,0,1.4068310384611529,0.060545883797162206,1.4068310384611529,1.3792921733948158,10,1.98,0.5,0.6874890468103586,0.6564190266744621,1.0473325997967644
0.45,True,0.02,0,1.4068310384611529,0.061934299834496234,1.4068310384611529,1.3792921733948158,10,1.9777777777777779,0.5,0.09413164986342824,0.6564189418990938,0.14340178765666484
0.45,False,0.02,1,0.9239617351553232,0.06369978450959146,0.7643642496375277,0.6837218674883745,10,1.9422222222222223,0.5,0.6877687747126751,0.6567324755288642,1.0472586620778253
0.45,True,0.02,1,0.9239617351553232,0.0648421802419301,0.7643642496375277,0.6837218674883745,10,1.9422222222222223,0.5,0.33768594271628216,0.6567324755288642,0.5141910211310229
0.45,False,0.02,2,1.0978719571033424,0.07741575902350925,1.0831833337471735,0.9856764834928441,9,2.1825,0.45,0.6951454359200633,0.6629358308129754,1.0485863073941895
0.45,True,0.02,2,1.0978719571033424,0.078246014935826,1.0831833337471735,0.9856764834928441,9,2.1825,0.45,0.06367162732308057,0.662935657867529,0.09604495771406943
0.45,False,0.02,3,1.1509384798978293,0.05869584338325682,1.1509384798978293,1.1508060730752376,11,1.778,0.55,0.6922286641584435,0.6605703077419398,1.0479257923002887
0.45,True,0.02,3,1.1509384798978293,0.060260129118850585,1.1509384798978293,1.1508060730752376,11,1.778,0.55,0.09462337532034187,0.6605768564284362,0.14324355183846707
0.45,False,0.02,4,1.1116176801677042,0.09899279558665187,0.12527949213496914,0.10836856739404313,8,2.3057142857142856,0.4,0.6874889821553992,0.6641625782506699,1.0351215254118156
0.45,True,0.02,4,1.1116176801677042,0.09981110436153115,0.12527949213496914,0.10836856739404313,8,2.3057142857142856,0.4,0.03137928961454659,0.6641625782506699,0.047246398088175545
0.45,False,0.02,5,1.2084459211604006,0.07032612728790824,1.1825126804725172,1.1127898651510673,11,1.7560000000000002,0.55,0.7556378410297457,0.7237472758637373,1.0440631214589187
0.45,True,0.02,5,1.2084459211604006,0.07189365109544002,1.1825126804725172,1.1127898651510673,11,1.7560000000000002,0.55,0.06940181760439695,0.7237594273078857,0.09589072679392244
0.45,False,0.02,6,0.7449287186537826,0.039620003889780236,0.7449287186537826,0.7436505183805945,10,1.9777777777777779,0.5,0.687894727141274,0.6568770275785918,1.0472199471334855
0.45,True,0.02,6,0.7447459365385041,0.04091505560993628,0.7447459365385041,0.7434665153884565,10,1.9777777777777779,0.5,0.07120656996883143,0.6568863096399162,0.10840014294020593
0.45,False,0.02,7,0.6160383623159533,0.046724089409232804,0.6121251843471763,0.5648153039039577,9,2.1850000000000005,0.45,0.6922516086347733,0.6605971768464537,1.0479179019376272
0.45,True,0.02,7,0.6160383623159533,0.04758395754596109,0.6121251843471763,0.5648153039039577,9,2.1850000000000005,0.45,0.03226815822355014,0.6605971768464537,0.048846951373217054
0.45,False,0.02,8,1.090639170510829,0.07555338982804681,0.9877278066536379,0.839264435235561,9,2.175,0.45,0.687488931187839,0.6640806106599716,1.035249213900937
0.45,True,0.02,8,1.090639170510829,0.07640105494454308,0.9877278066536379,0.839264435235561,9,2.175,0.45,0.032631049034387946,0.6640806106599716,0.04913718072994425
0.45,False,0.02,9,1.1599785433725416,0.08068177565020904,1.1599785433725416,1.1599785433725416,9,2.2275,0.45,0.6877182818535682,0.6567451697583073,1.047161536124427
0.45,True,0.02,9,1.1599785433725416,0.08163821121045713,1.1599785433725416,1.1599785433725416,9,2.2275,0.45,0.10216103232381726,0.6567451697583073,0.15555657943530452
0.45,False,0.04,0,1.3634790492564417,0.06735056783020552,1.3522369545428417,1.2428388631825946,11,1.7600000000000002,0.55,0.348160448341208,0.3355097390003885,1.0377059346795858
0.45,True,0.04,0,1.3634790492564417,0.06888142435690436,1.3522369545428417,1.2428388631825946,11,1.7600000000000002,0.55,0.0636282191027635,0.3355097390003885,0.1896464141478868
0.45,False,0.04,1,1.1304065885036847,0.09473509301787734,0.13512348858807968,0.12323701318538915,8,2.317142857142857,0.4,0.7580946402324886,0.7309567787196672,1.0371264912861595
0.45,True,0.04,1,1.1304065885036847,0.09551916807248963,0.13512348858807968,0.12323701318538915,8,2.317142857142857,0.4,0.030158363755095906,0.7309567065334083,0.04125875505933096
0.45,False,0.04,2,0.9406387865731581,0.06143158113672586,0.87648742635847,0.8704852049243111,10,1.98,0.5,0.47694782306660877,0.4557164898559695,1.0465889048051795
0.45,True,0.04,2,0.9406387865731581,0.06213070780599965,0.87648742635847,0.8704852049243111,10,1.98,0.5,0.07347020041440105,0.4527187084763373,0.1622866448337965
0.45,False,0.04,3,1.0154084223652846,0.09010911139475722,0.14825048121580583,0.11062806133289685,9,2.035,0.45,0.7554576297550244,0.723649179059435,1.0439556218290427
0.45,True,0.04,3,1.0154084223652846,0.09119028266352415,0.14825048121580583,0.11062806133289685,9,2.035,0.45,0.032075136908820474,0.723649179059435,0.04432415290816203
0.45,False,0.04,4,1.014799918805474,0.0668567233407151,1.014799918805474,0.9848070244858698,10,1.9688888888888891,0.5,0.6876497667007512,0.6566962916839059,1.0471351435384826
0.45,True,0.04,4,1.014799918805474,0.0680250904531701,1.014799918805474,0.9848070244858698,10,1.9688888888888891,0.5,0.06745436060369278,0.6566962916839059,0.10271774236459906
0.45,False,0.04,5,1.3544260341327516,0.09541018326857471,1.3544260341327516,1.3538968804057052,10,1.9755555555555557,0.5,0.7554456978312735,0.7236128909087604,1.0439914853348506
0.45,True,0.04,5,1.3544260341327516,0.09646978189858674,1.3544260341327516,1.3538968804057052,10,1.9755555555555557,0.5,0.11011819007500057,0.7236085384036766,0.15217922962289612
0.45,False,0.04,6,0.8387753723911229,0.06634883613080987,0.09167663909728203,0.0823257685572987,9,2.005,0.45,0.6876620373257686,0.6567270989167948,1.0471047066778472
0.45,True,0.04,6,0.8387753723911229,0.06707259260879746,0.09167663909728203,0.0823257685572987,9,2.0075000000000003,0.45,0.03121123557707626,0.6567270989167948,0.04752542659048275
0.45,False,0.04,7,1.0679721126149904,0.0685236253702076,1.0487199334419879,0.9796303157187508,10,1.9644444444444449,0.5,0.348136232838949,0.3306902456753229,1.052756276724287
0.45,True,0.04,7,1.0679721126149904,0.0689132263038967,1.0487199334419879,0.9796303157187508,10,1.9644444444444449,0.5,0.06375898203255523,0.3306933685946971,0.19280393226722148
0.45,False,0.04,8,1.3156690688386228,0.06422220044689433,1.3156690688386228,1.3062538392362304,11,1.7700000000000002,0.55,0.4699793866148266,0.4497383698675316,1.0450062015127832
0.45,True,0.04,8,1.3156690688386228,0.06554798494824214,1.3156690688386228,1.3062538392362304,11,1.7700000000000002,0.55,0.09583495950128038,0.4467771951550672,0.2145027998877947
0.45,False,0.04,9,1.0143201132412207,0.08629653947887031,0.1171106573685098,0.10836603547574794,9,2.0075,0.45,0.6811255566010532,0.6639717068950636,1.0258352102989015
0.45,True,0.04,9,1.0143201132412207,0.08705526510254226,0.1171106573685098,0.10836603547574794,9,2.02,0.45,0.02212037793323325,0.6639717068950636,0.03331524170413784
0.45,False,0.08,0,1.5016365832012695,0.07515083629283424,1.5016365832012695,1.499731957888991,13,1.4800000000000002,0.65,0.3525536770252905,0.33551321914058063,1.050789226360648
0.45,True,0.08,0,1.5016365832012695,0.07640803277767784,1.5016365832012695,1.499731957888991,13,1.4800000000000002,0.65,0.12130570545025744,0.3355158533065287,0.3615498459856148
0.45,False,0.08,1,0.9640753891590064,0.07744567278900413,0.9397070409044018,0.872917318050155,13,1.4566666666666663,0.65,0.7036961581048469,0.6560111434386913,1.0726893347321969
0.45,True,0.08,1,0.9640753891590064,0.07834706062977945,0.9397070409044018,0.872917318050155,13,1.4566666666666663,0.65,0.06631088541705078,0.6560111434386913,0.1010819495662516
0.45,False,0.08,2,0.8783538062995697,0.05927690724095499,0.764650356376301,0.727981405688696,12,1.62,0.6,0.4670157812177488,0.44917334343915466,1.0397228308391107
0.45,True,0.08,2,0.8783538062995697,0.059802300426673255,0.764650356376301,0.727981405688696,12,1.62,0.6,0.33802037647295435,0.44917334343915466,0.7525388152652117
0.45,False,0.08,3,1.252547589210301,0.09576090748600645,1.2437589304385492,1.1483429068444064,13,1.4733333333333334,0.65,0.7417961846558015,0.7116118818907721,1.0424168040061559
0.45,True,0.08,3,1.252547589210301,0.09732932473139873,1.2437589304385492,1.1483429068444064,13,1.4733333333333334,0.65,0.07306153075730157,0.7077574071463055,0.10322962347883825
0.45,False,0.08,4,1.0246336206486428,0.07619493579219955,1.0228110948263835,0.9572979789471512,11,1.7440000000000002,0.55,0.4789243580537548,0.45907617274881674,1.0432350564893353
0.45,True,0.08,4,1.0246336206486428,0.0766483976501925,1.0228110948263835,0.9572979789471512,11,1.7440000000000002,0.55,0.060335676188749535,0.45908069036923016,0.13142717026236822
0.45,False,0.08,5,1.0241414535766462,0.05658489356386639,0.8221551690679006,0.7950424691773245,15,1.2714285714285716,0.75,0.7511519410782515,0.7192171842890503,1.0444021033456907
0.45,True,0.08,5,1.0241414535766462,0.05452690860145009,0.8221551690679006,0.7950424691773245,13,1.4833333333333336,0.65,0.0804801383664126,0.7193454198317927,0.11187968399569695
0.45,False,0.08,6,0.7244780338959693,0.05428629070891601,0.6041806305885163,0.5693357388542075,13,1.4483333333333335,0.65,0.3433883870795423,0.33546165486215024,1.02362932120221
0.45,True,0.08,6,0.7244780338959693,0.05565522741327873,0.6041806305885163,0.5693357388542075,13,1.4483333333333335,0.65,0.038174633673943956,0.4590064266075909,0.08316797190164801
0.45,False,0.08,7,1.2310635998192732,0.09038022196962912,1.179271237157005,1.0518436137929104,14,1.350769230769231,0.7,0.47690171773449025,0.4627563199031399,1.0305677009527248
0.45,True,0.08,7,1.2310635998192732,0.08971061530303559,1.179271237157005,1.0518436137929104,13,1.4633333333333336,0.65,0.3380400853537407,0.4627563199031399,0.730492637451183
0.45,False,0.08,8,0.8361137463472443,0.061780491258460114,0.8361137463472443,0.8162719818754133,13,1.4800000000000002,0.65,0.35968365349323067,0.3354618237905739,1.0722044265924393
0.45,True,0.08,8,0.8361137463472443,0.0589461176666806,0.8361137463472443,0.8162719818754133,11,1.7760000000000002,0.55,0.0616103228647718,0.3354617798281968,0.18365824778210685
0.45,False,0.08,9,0.8036603117966068,0.05592290809042675,0.8036603117966068,0.7814125169535072,11,1.768,0.55,0.7556854368811012,0.7232190090570676,1.0448915561849954
0.45,True,0.08,9,0.8036603117966068,0.056626447246915235,0.8036603117966068,0.7814125169535072,11,1.768,0.55,0.0565630867077976,0.7232189404608741,0.07821018430952924
0.7,False,0.0,0,1.0796261256768622,0.07860696018728505,1.0738532129882192,0.9883153555558741,9,2.215,0.45,0.6874882106804922,0.6564184700900426,1.0473322140659074
0.7,True,0.0,0,1.0796261256768622,0.07978049800958853,1.0738532129882192,0.9883153555558741,9,2.2175000000000002,0.45,0.05493527338611308,0.6564183002734587,0.08368942986436857
0.7,False,0.0,1,0.6921380667941744,0.04984241126528544,0.672025294698099,0.5978614629083541,9,2.2225,0.45,0.6874882053421785,0.6564184702227192,1.0473322057217331
0.7,True,0.0,1,0.6921380667941744,0.05100167548806929,0.672025294698099,0.5978614629083541,9,2.2249999999999996,0.45,0.032712180281829234,0.6564183007209963,0.04983435135197252
0.7,False,0.0,2,1.089744699537387,0.09891612901510032,0.12195772916111347,0.11520585612665728,8,2.3285714285714287,0.4,0.6877579000841603,0.6567474459869547,1.047218231664967
0.7,True,0.0,2,1.089744699537387,0.10003292080167488,0.12195772916111347,0.11520585612665728,8,2.3314285714285714,0.4,0.03137911963692424,0.6567474459869547,0.04777958373631491
0.7,False,0.0,3,1.0190200961256888,0.08894420314438195,0.11172694066182969,0.1086718125101211,8,2.325714285714286,0.4,0.6877702745332899,0.6567746034418185,1.0471937707119692
0.7,True,0.0,3,1.0190200961256888,0.09006154174507727,0.11172694066182969,0.1086718125101211,8,2.3285714285714283,0.4,0.03137911430057142,0.6567746034418185,0.047777599938170566
0.7,False,0.0,4,0.8038005617817008,0.05571470249305376,0.7069107317261962,0.6561217285571701,9,2.2175000000000002,0.45,0.6877726973442693,0.6567506760045145,1.0472356122741255
0.7,True,0.0,4,0.8038005617817008,0.05686109471495081,0.7069107317261962,0.6561217285571701,9,2.2199999999999998,0.45,0.041321179273338574,0.6567506760045145,0.06291760438193585
0.7,False,0.0,5,1.1627898664458958,0.07615842303884644,1.1336345135505785,1.017828337345195,9,2.2225,0.45,0.6874881752813724,0.6564184443537693,1.0473322012011081
0.7,True,0.0,5,1.1627898664458958,0.07730805679039689,1.1336345135505785,1.017828337345195,9,2.2249999999999996,0.45,0.05016743463926788,0.6564182747474316,0.07642601751473885
0.7,False,0.0,6,1.0101524500774068,0.06120141713242441,0.9032290543975824,0.8967812636182164,10,1.9755555555555557,0.5,0.6874882619149663,0.6564185114023713,1.0473322262025875
0.7,True,0.0,6,1.0101524500774068,0.06296726468283817,0.9032290543975824,0.8967812636182164,10,1.9777777777777779,0.5,0.07204066471622847,0.6564183426371546,0.10974809801483863
0.7,False,0.0,7,1.3401805356471543,0.09529743926953746,1.2198278331330223,1.0435684585612812,9,2.1950000000000003,0.45,0.6874881890844167,0.6564184567311271,1.047332202480534
0.7,True,0.0,7,1.3401805356471543,0.09647807086447792,1.2198278331330223,1.0435684585612812,9,2.1975,0.45,0.05485513097818111,0.6564182875880704,0.08356734102605871
0.7,False,0.0,8,1.174738625993544,0.08341642209780815,1.0917357990395298,1.0111519671798428,9,2.2075,0.45,0.6877600800425447,0.6567381353817678,1.0472363974957952
0.7,True,0.0,8,1.174738625993544,0.08456196002842921,1.0917357990395298,1.0111519671798428,9,2.21,0.45,0.05836268901721585,0.6567381353817678,0.08886751931105931
0.7,False,0.0,9,1.088096783245242,0.0725503070065852,1.0564346676960736,0.9385527718136675,9,2.2225,0.45,0.6874881957624647,0.6564184603141092,1.0473322069372573
0.7,True,0.0,9,1.088096783245242,0.07369652210918774,1.0564346676960736,0.9385527718136675,9,2.2249999999999996,0.45,0.04955511921303613,0.6564182905163045,0.07549320281518275
0.7,False,0.01,0,0.6997907787468196,0.04718658212358927,0.6936560904942121,0.6717284032698363,10,1.9777777777777779,0.5,0.6922886739755708,0.6606374462933966,1.0479101310587948
0.7,True,0.01,0,0.6997907787468196,0.048872844601098676,0.6936560904942121,0.6717284032698363,10,1.9799999999999995,0.5,0.04457471254043912,0.6606125271282419,0.06747482168819242
0.7,False,0.01,1,0.8531348928330639,0.053382138770991856,0.7782293331966827,0.7566379609008795,10,1.9755555555555557,0.5,0.6879027067317094,0.6568710155861381,1.0472416796631518
0.7,True,0.01,1,0.8531348928330639,0.05505445243677213,0.7782293331966827,0.7566379609008795,10,1.9777777777777779,0.5,0.05970736398413441,0.6568761561697768,0.09089592205841382
0.7,False,0.01,2,0.8836347792324445,0.0632832560425234,0.8145588078141717,0.7731542876369938,9,2.215,0.45,0.6878440251178501,0.6568028374152697,1.0472610422596171
0.7,True,0.01,2,0.8836347792324445,0.06442895139089343,0.8145588078141717,0.7731542876369938,9,2.2175000000000002,0.45,0.04914628374837335,0.6568028374152697,0.07482653982883697
0.7,False,0.01,3,0.6749152016058811,0.04596712856333514,0.6112605074338421,0.5270803576194831,9,2.2225,0.45,0.7534032462881275,0.7277230991989524,1.0352883481122894
0.7,True,0.01,3,0.6749152016058811,0.04715803294759475,0.6112605074338421,0.5270803576194831,9,2.2249999999999996,0.45,0.031378857560038734,0.7277271687609689,0.043118985883604584
0.7,False,0.01,4,0.8753923825298683,0.06083904762692183,0.8482121593964039,0.7723444340830716,9,2.2199999999999998,0.45,0.6876261375572559,0.6566990508667279,1.0470947622089828
0.7,True,0.01,4,0.8753923825298683,0.06207512777368534,0.8482121593964039,0.7723444340830716,9,2.2225,0.45,0.04045423238305309,0.6566953901927155,0.061602735340625055
0.7,False,0.01,5,0.8843772402263278,0.056649258975431896,0.8477372602405441,0.7945437534080638,10,1.9755555555555557,0.5,0.6874879849707126,0.6564183268037365,1.0473320988323558
0.7,True,0.01,5,0.8843772402263278,0.058327200631789984,0.8477372602405441,0.7945437534080638,10,1.9777777777777779,0.5,0.05662487253571628,0.6564181584611097,0.0862634156590104
0.7,False,0.01,6,1.096335835790464,0.08112519565362007,0.1183023593855115,0.1100766767589498,8,2.325714285714286,0.4,0.6875384870463688,0.6566166120789956,1.0470927377581492
0.7,True,0.01,6,1.096335835790464,0.08233367115678442,0.1183023593855115,0.1100766767589498,8,2.3285714285714283,0.4,0.03137911107666831,0.6566166120789956,0.047789091003235376
0.7,False,0.01,7,1.2197957983353322,0.08795160506020798,1.20009452078451,1.084043274335239,9,2.205,0.45,0.6878533320482282,0.6568122644880972,1.0472601810154436
0.7,True,0.01,7,1.2197957983353322,0.08909062143735408,1.20009452078451,1.084043274335239,9,2.2075,0.45,0.05896866134093168,0.6568154286406552,0.08977965297373347
0.7,False,0.01,8,1.3414844793007958,0.09641056857599675,1.3127574249143343,1.165337721990112,9,2.2025,0.45,0.6874882129428118,0.6564184696757682,1.0473322181733522
0.7,True,0.01,8,1.3414844793007958,0.09756292330922034,1.3127574249143343,1.165337721990112,9,2.205,0.45,0.05661101712997776,0.6564182998205335,0.08624228949621465
0.7,False,0.01,9,1.0652096464045988,0.06183703593655273,0.9091448947895525,0.8890825692826606,10,1.9733333333333332,0.5,0.6877780048739504,0.6567896438406471,1.0471815599967655
0.7,True,0.01,9,1.0652096464045988,0.06351597014298745,0.9091448947895525,0.8890825692826606,10,1.9755555555555553,0.5,0.06475522112409965,0.656794927584381,0.09859275445940095
0.7,False,0.02,0,0.8684755758284852,0.057255926168180385,0.8423005274370772,0.7513998685042018,9,2.2249999999999996,0.45,0.6874890591828423,0.6564190405009782,1.0473325965846738
0.7,True,0.02,0,0.8684755758284852,0.05835225780559767,0.8423005274370772,0.7513998685042018,9,2.2275,0.45,0.031603823522507915,0.6564189564385317,0.04814581170207498
0.7,False,0.02,1,1.3973306970956085,0.09020158231530864,1.3803329963787168,1.2601181306531035,11,1.78,0.55,0.6873421036780244,0.656494534060027,1.04698830983441
0.7,True,0.02,1,1.3973306970956085,0.09218271037040575,1.3803329963787168,1.2601181306531035,11,1.782,0.55,0.33768597318786026,0.6564929903311609,0.5143786417325484
0.7,False,0.02,2,1.0664940527530142,0.07147751500983149,1.0337117698021885,0.9225278362162161,9,2.205,0.45,0.6951454271248577,0.6629358261806636,1.0485863014542076
0.7,True,0.02,2,1.0664940527530142,0.07276948597579624,1.0337117698021885,0.9225278362162161,9,2.21,0.45,0.05757215431133811,0.6629356532011148,0.08684425697501019
0.7,False,0.02,3,0.9298128782198808,0.0905227401901343,0.11513015042759811,0.11513015042759811,9,2.04,0.45,0.6920012116253124,0.6604316288696508,1.0478014382228975
0.7,True,0.02,3,0.9298128782198808,0.09164592257697651,0.11658505513469876,0.11658505513469876,9,2.045,0.45,0.03183364461897141,0.6604316288696508,0.04820127198519309
0.7,False,0.02,4,1.2112751088023477,0.07328991032462001,1.209825360396686,1.1388098964196347,10,1.9733333333333336,0.5,0.6874889164750093,0.6639722567692166,1.035418134463634
0.7,True,0.02,4,1.2112751088023477,0.07587452471021737,1.209825360396686,1.1388098964196347,10,1.9755555555555557,0.5,0.06592174195769143,0.6566121941324571,0.10039676759947044
0.7,False,0.02,5,1.3215747342625344,0.08540677393094065,1.3059106945822976,1.1914524004235043,11,1.778,0.55,0.7553152222792764,0.7235447790868553,1.043909434587597
0.7,True,0.02,5,1.3215747342625344,0.08732301403751637,1.3059106945822976,1.1914524004235043,11,1.78,0.55,0.06231446535830771,0.7235424017272221,0.08612413747062793
0.7,False,0.02,6,1.1150747689521585,0.10292982232543077,0.12285499104813093,0.11629379715244102,8,2.325714285714286,0.4,0.6877323462553566,0.6567341748418071,1.047200483169337
0.7,True,0.02,6,1.1150747689521585,0.10420433991889128,0.12285499104813093,0.11629379715244102,8,2.3285714285714283,0.4,0.0313796203724378,0.6567341748418071,0.04778131171903024
0.7,False,0.02,7,1.109660433904684,0.0683096238055369,1.1080517897796658,1.0436762288260026,10,1.966666666666667,0.5,0.6878437853823571,0.6568062367354193,1.0472552571272027
0.7,True,0.02,7,1.109660433904684,0.07004328812144697,1.1080517897796658,1.0436762288260026,10,1.9688888888888891,0.5,0.06621927355827625,0.6568112881689121,0.10081932915931756
0.7,False,0.02,8,0.7579927251319133,0.06777862910657563,0.08178909503295154,0.07911908717619595,8,2.317142857142857,0.4,0.6874889405445584,0.664148357283153,1.0351436271283447
0.7,True,0.02,8,0.7579927251319133,0.06888891684994881,0.08178909503295154,0.07911908717619595,8,2.3200000000000003,0.4,0.03137927338728458,0.664148357283153,0.04724738531071749
0.7,False,0.02,9,0.9782333686661863,0.06945851800042913,0.946638690665352,0.892232629857294,9,2.2199999999999998,0.45,0.6877532428223478,0.6567254429985883,1.0472462261167184
0.7,True,0.02,9,0.9782333686661863,0.07061665102903458,0.946638690665352,0.892232629857294,9,2.2225,0.45,0.05661995154103972,0.6567254429985883,0.08621555942206106
0.7,False,0.04,0,1.2245317122676895,0.08301135077161176,1.1989376159373764,1.064263917571381,10,1.9777777777777774,0.5,0.7262939083063195,0.718706379765744,1.0105572007479484
0.7,True,0.04,0,1.2245317122676895,0.08436040667160806,1.1989376159373764,1.064263917571381,10,1.9799999999999995,0.5,0.05364961082972913,0.718706379765744,0.07464746698445655
0.7,False,0.04,1,0.8995199138879755,0.06473716970772306,0.8947789789218701,0.8319517357110268,9,2.2249999999999996,0.45,0.7580946440693556,0.7309567834104086,1.0371264898797492
0.7,True,0.04,1,0.8995199138879755,0.06572645646409729,0.8947789789218701,0.8319517357110268,9,2.2275,0.45,0.04568076845128057,0.7309567113571884,0.06249449205270895
0.7,False,0.04,2,0.8086239409968616,0.05177385552048859,0.5538747949803453,0.504777130973212,10,1.966666666666667,0.5,0.43288084435555735,0.4185626861223563,1.034207915979418
0.7,True,0.04,2,0.8086239409968616,0.0526466097152866,0.5538747949803453,0.504777130973212,10,1.9711111111111113,0.5,0.04022923901586543,0.4185626685336567,0.09611282119517967
0.7,False,0.04,3,0.8788057831206484,0.06107950222119004,0.7727147537359776,0.7427497779661927,11,1.7720000000000002,0.55,0.7557818532575913,0.723932255890492,1.043995271745319
0.7,True,0.04,3,0.8788057831206484,0.06282117182322164,0.7727147537359776,0.7427497779661927,11,1.7759999999999998,0.55,0.05357855882167198,0.7239399656549762,0.07400967109087248
0.7,False,0.04,4,1.568047027372766,0.10885666597735663,1.5490555713638459,1.4141932175705636,10,1.9733333333333332,0.5,0.6874938359792025,0.6565254382563952,1.0471701397555642
0.7,True,0.04,4,1.568047027372766,0.11045023583277913,1.5490555713638459,1.4141932175705636,10,1.9755555555555553,0.5,0.07376518500797592,0.6565191531999715,0.11235800895689867
0.7,False,0.04,5,1.254893296700121,0.09277476295974743,1.171338811396996,1.0042405507361793,10,1.9622222222222223,0.5,0.7554970839956654,0.7236815632503415,1.0439634244079183
0.7,True,0.04,5,1.254893296700121,0.0940638831085688,1.171338811396996,1.0042405507361793,10,1.9644444444444444,0.5,0.04227494206321007,0.7236855667594466,0.0584161740216744
0.7,False,0.04,6,1.0304813193527245,0.07866969665467304,0.9934551135723959,0.8856563885909841,10,1.96,0.5,0.7406786915089985,0.7090947921509315,1.0445411511452805
0.7,True,0.04,6,1.0304813193527245,0.08016180373186056,0.9934551135723959,0.8856563885909841,10,1.9622222222222223,0.5,0.054121193586419425,0.7090947921509315,0.07632434211782413
0.7,False,0.04,7,1.268499038604516,0.08558538703035443,1.0642727748827436,0.9216649199179603,10,1.9511111111111115,0.5,0.4561771855908013,0.43802584740552064,1.041438963593939
0.7,True,0.04,7,1.268499038604516,0.08674469451280445,1.0642727748827436,0.9216649199179603,10,1.9511111111111115,0.5,0.0492611832431664,0.4323171165821025,0.11394687195982027
0.7,False,0.04,8,1.2775879503458365,0.09306214421292075,1.276191102920852,1.2035776059655683,10,1.966666666666667,0.5,0.4296763773814608,0.41590956181655764,1.0331005001944982
0.7,True,0.04,8,1.2775879503458365,0.09440330820472485,1.276191102920852,1.2035776059655683,10,1.9688888888888891,0.5,0.07240096124371297,0.41070889484632095,0.17628291467736787
0.7,False,0.04,9,1.1926336046694361,0.10925542530099709,0.129605401611686,0.11928234068406306,9,2.0375,0.45,0.6813795882801669,0.6641768517715014,1.025900835653759
0.7,True,0.04,9,1.1926336046694361,0.11048928788848647,0.129605401611686,0.11928234068406306,9,2.04,0.45,0.019704038466148155,0.6641768517715014,0.029666855121382844
0.7,False,0.08,0,1.1195276129244833,0.1020760896852015,0.22773314319256333,0.14585307840653536,9,2.075,0.45,0.4596040191290687,0.4409193785145865,1.0423765442903696
0.7,True,0.08,0,1.1195276129244833,0.10272963879938886,0.22773314319256333,0.14585307840653536,9,2.0774999999999997,0.45,0.019296665883423936,0.4409193785145865,0.04376461271597512
0.7,False,0.08,1,1.3628499583143021,0.09627591063366453,1.3628499583143021,1.287850766543798,13,1.4733333333333336,0.65,0.734368518694354,0.7055535803570496,1.0408401829410068
0.7,True,0.08,1,1.3628499583143021,0.09838946958931474,1.3628499583143021,1.287850766543798,13,1.4733333333333336,0.65,0.07475595801193097,0.7016556023361937,0.10654223761128027
0.7,False,0.08,2,1.2290943260486735,0.08685479212535575,1.149542766848719,1.0245776941583988,11,1.7580000000000002,0.55,0.4769456580483902,0.4557154177221575,1.046586616239062
0.7,True,0.08,2,1.2290943260486735,0.08775563790907677,1.149542766848719,1.0245776941583988,11,1.7600000000000002,0.55,0.3380639894798035,0.4557153216662243,0.7418315177596273
0.7,False,0.08,3,1.1373164064360364,0.0916078942957094,1.0955847599829671,1.024073090831415,12,1.6090909090909093,0.6,0.6838885837086427,0.4421470743474073,1.5467445604413244
0.7,True,0.08,3,1.1373164064360364,0.09278182405058295,1.0955847599829671,1.024073090831415,12,1.612727272727273,0.6,0.3535049172660445,0.4421505011185948,0.7995126446135449
0.7,False,0.08,4,1.009456971556132,0.07982600232700973,0.20718097893596496,0.14418202329854043,10,1.8422222222222224,0.5,0.446950637142143,0.43267742362810996,1.0329881147053164
0.7,True,0.08,4,1.009456971556132,0.08075479560507529,0.20718097893596496,0.14418202329854043,10,1.8422222222222224,0.5,0.33904688797995325,0.43042169524114093,0.7877086376937756
0.7,False,0.08,5,0.8264612110813504,0.08187613229137806,0.1028120694023275,0.1028120694023275,11,1.6179999999999999,0.55,0.4413981017406929,0.4281829601341688,1.030863303321365
0.7,True,0.08,5,0.8264612110813504,0.08312185992749414,0.10816476039225739,0.10816476039225739,11,1.6219999999999999,0.55,0.018641779295151664,0.4259791790812083,0.04376218408514193
0.7,False,0.08,6,1.3779703926058742,0.11160888599592904,1.3008138708033778,1.1231266933638155,12,1.5818181818181818,0.6,0.7412908810244865,0.7112695211640916,1.0422081333796682
0.7,True,0.08,6,1.3779703926058742,0.11243044387278281,1.3008138708033778,1.1231266933638155,12,1.5836363636363635,0.6,0.055832252478582194,0.7112695211640916,0.07849661870609656
0.7,False,0.08,7,1.2361186512699576,0.08072253720302514,1.2244532665534766,1.124926462468568,12,1.5927272727272728,0.6,0.672720842954145,0.6496543647468236,1.0355057680260564
0.7,True,0.08,7,1.2361186512699576,0.08203707617413723,1.2244532665534766,1.124926462468568,12,1.5927272727272728,0.6,0.05939753417172103,0.6496543647468236,0.09142943895010906
0.7,False,0.08,8,1.0031133379597685,0.07661588466783982,0.9962534708294255,0.9082709971225785,11,1.7680000000000002,0.55,0.34831117076084,0.33546182669625746,1.0383034432049207
0.7,True,0.08,8,1.0031133379597685,0.07768386139021728,0.9962534708294255,0.9082709971225785,11,1.7700000000000002,0.55,0.048024097972871035,0.3354617828265195,0.14315817863088148
0.7,False,0.08,9,1.3497255216258561,0.09170068636741849,1.3448108791684537,1.2449518629245673,12,1.6072727272727272,0.6,0.6784894758750535,0.6598243520787204,1.028288017423489
0.7,True,0.08,9,1.3497255216258561,0.07944197559583817,1.3448108791684537,1.2449518629245673,11,1.7700000000000002,0.55,0.06713676638587021,0.33554602527690264,0.20008213815194145
